registration_index,grantee,corp_name,aprobado,rechazado
352354-1511,"GK PHARMACEUTICALS CONTRACT MANUFACTURING OPERATIONS ""GK-CMO"" LLC","GK PHARMACEUTICALS CONTRACT MANUFACTURING OPERATIONS ""GK- CMO"" LLC",x,
3155-112,"MERCK SHARP & DOHME QUIMICA DE PUERTO RICO, INC. / STELLAR'X INC. / MERCK SHARP & DOHME (PUERTO RICO) LTD / MSD PUERTO RICO HOLDING, INC. / MERCK SHARP & DOHME DE PR, INC. / MERCK SHARP & DOHME QUIMICA DE PUERTO RICO, LTD.",MERCK SHARP & DOHME QUIMICA DE PUERTO RICO INC.,x,
9033-111,ALONSO AND CARUS IRON WORKS INC,"ALONSO & CARUS IRON WORKS, INC.",x,
53787-111,Telecontacto Telecontact Export Inc.,"TELECONTACTO-TELECONTACT EXPORT, INC.",x,
63673-111,"MARTI FLORES PRIETO & WACHTEL HISPANIC, INC. (MFP&W HISPANIC)","MARTI FLORES PRIETO & WACHTEL ADVERTISING, INC.",x,
26775-111,"ASFA-ASSEMBLERS AND FABRICATORS OF PUERTO RICO, INC.","(ASFA)ASSEMBLERS AND FABRICATORS OF PUERTO RICO, INC.",x,
6266-112,"WYETH PHARMACEUTICALS COMPANY, AYERST WYETH PHARMACEUTICALS INCORPORATED AND WYETH-WHITEHALL PHARMACEUTICALS INC",AYERST-WYETH PHARMACEUTICALS INCORPORATED,x,
10965-112,MERCK SHARP & DOHME DE PUERTO RICO INC AND AFFILIATES,MERCK SHARP & DOHME (PUERTO RICO) LTD,x,
77397-111,AGUAYOS SHEET METAL MFG INC,"AGUAYO'S SHEET METAL MFG., INC.",x,
128172-111,J. TORRES WOODEN PALLETS RECYCLING,"J. TORRES WOODEN PALLETS RECYCLING, INC.",x,
366514-1511,BEARSE TACTICAL SEWING PR LLC,BEARSE TACTICAL  SEWING PR L.L.C.,x,
69217-111,Industrias Metálicas Marva,"INDUSTRIAS METALICA MARVA, INC.",x,
28012-111,"JACA Y SIERRA TESTING LABORATORIES, INC.","JACA & SIERRA TESTING LABORATORIES, INC.",x,
13577-112,CUTLER-HAMMER ELECTRICAL COMPANY/EATON ELECTRICAL,CUTLER-HAMMER ELECTRICAL COMPANY,x,
11587-112,Squibb Manufacturing Company Bristol Myers,BRISTOL-MYERS SQUIBB MANUFACTURING COMPANY UNLIMITED COMPANY,x,
31899-111,PARADA PALLETS & MOULDING INC,"PARADA PALLETS & MOULDINGS, INC.",x,
31899-111,Parada Pallets & Mouldings,"PARADA PALLETS & MOULDINGS, INC.",x,
49013-111,ALIMENTOS LÍQUIDOS INDUSTRIALES,ALIMENTOS LIQUIDOS INDUSTRIALES INC.,x,
49013-111,ALIMENTOS LIQUIDOS INDUSTRIALES,ALIMENTOS LIQUIDOS INDUSTRIALES INC.,x,
118892-111,Dase Inc (Desarrollos Arquitectonicos),"DESARROLLOS ARQUITECTONICOS (DASE), INC.",x,
144597-111,PVSR CORPORATION (Pharmaceutical Validations Solutions & Resources),PVSR CORP. (PHARMACEUTICAL VALIDATION SOLUTIONS & RESOURCES),x,
110977-111,"BARRY WEHMILLER DESIGN GROUP, INC.","BARRY-WEHMILLER DESIGN GROUP, INC.",x,
163884-111,Alco High Tech Container Inc.,"ALCO HIGH TECH CONTAINER,  INC.",x,
179282-111,"Oles Envelopes and Forms, Inc.","OLES ENVELOPES AND FORMS OF P.R., INC.",x,
179282-111,Oles Envelope and Forms of Puerto Rico Inc.,"OLES ENVELOPES AND FORMS OF P.R., INC.",x,
63270-111,HOJALATERIA HIPOLITO ROSA,"HOJALATERIA HIPOLITO ROSA, INC.",x,
393529-1512,Ethicon Endo Surgery LLC,"ETHICON ENDO-SURGERY, LLC",x,
11573-112,"NYPRO PUERTO RICO, INC. AND NYPRO P.R., BRANCH OF NYPRO (BERMUDA) HOLDING LTD",NYPRO (BERMUDA) HOLDINGS LTD.,x,
123533-111,ELIZABETH ARDEN (EXPORT),"ELIZABETH ARDEN (EXPORT), INC.",x,
162548-1011,"Storm King Windows and Doors, Inc.",STORM KING WINDOWS & DOORS INC.,x,
92161-111,ALCO HIGH TECH PLASTICS INC.,"ALCO HIGH-TECH PLASTICS,INC.",x,
10561-112,"BECTON DICKINSON CARIBE,  LTD",BECTON DICKINSON CARIBE LTD.,x,
168521-1011,"KPG,(Knowledge Power Group) Inc.",KPG (KNOWLEDGE POWER GROUP) INC.,x,
6974-112,Schering Plough Products LLC,"SCHERING-PLOUGH PRODUCTS, INC.",x,
165242-111,"JAVIERA SHADES DESIGNS, INC.","JAVIERA SHADES DESIGN, INC.",x,
108701-111,"CONDADO WINDOW HURRICANE PROTECTION, INC.										
","CONDADO WINDOW HURRICANE PROTECTION, INC.",x,
10545-112,Hewlett Packard Caribe Limited,HEWLETT-PACKARD CARIBE LIMITED,x,
63499-111,Sultana Screens & Aluminum Sales,"SULTANA SCREENS AND ALUMINUM SALES, INC.",x,
135-1531,Orinoco Tooling & Stamping LLC/Nova atlas,"ORINOCO TOOLING & STAMPING, LLC",x,
53276-111,RIAX CONTRACTORS WOODWORKING AND REMODELING CORP,"RIAX CONTRACTORS, WOODWORKING AND REMODELING CORPORATION",x,
147681-111,Precision Prototypes and Components,"PRECISION PROTOTYPES & COMPONENTS, CORP.",x,
3901-111,COMMONWEALTH OIL REFINING COMPANY INC. / CORCO,"COMMONWEALTH OIL REFINING COMPANY, INC.",x,
182041-1011,"NOSTROM MOVING IMAGE GROUP, CORP.","NOSTROM MOVING IMAGES GROUP, CORP.",x,
79043-111,LA SCALA BEDDING & FURNITURE INC,"LA SCALA BEDDING & FURNITURE CO., INC.",x,
79043-111,La Scala Bedding and Furniture Co. Inc.,"LA SCALA BEDDING & FURNITURE CO., INC.",x,
404988-1511,Pan American Center for Oncology Trials,PAN AMERICAN CENTER FOR ONCOLOGY TRIALS LLC,x,
96024-111,"PPG Architectural Coatings (PR), Inc. (F/K/A AN PAINTS (PR), Inc. / antes ICI Paints Puerto Rico, Inc. .",PPG ARCHITECTURAL COATINGS (PUERTO RICO) INC.,x,
421-112,"COLGATE PALMOLIVE COMPANY DISTRIBUTORS, LLC",COLGATE PALMOLIVE COMPANY,x,
41669-111,Fábrica de Bloques de Vega Baja,"FABRICA DE BLOQUES VEGA BAJA, INC.",x,
199354-111,Steris Isomedix Puerto Rico,"STERIS ISOMEDIX PUERTO RICO, INC.",x,
117616-111,Resonancia PR/ Mex Inc.,RESONANCIA PR/MEX INC.,x,
56474-111,PAN AMERICAN GRAIN MANUFACTURING CO,PAN AMERICAN GRAIN MANUFACTURING CO. INC.,x,
12461-112,MECAZTECA SRL DE CV (MECCA SRL)(ADAMS MECCA HOLDINGS B.V.),ADAMS MECCA HOLDINGS B.V.,x,
57657-111,Pastelería Cidrines,"PASTELERIA CIDRINES, INC.",x,
151233-111,SHORT BARK INDUSTRIES,"SHORT BARK INDUSTRIES, INC.",x,
26775-111,ASFA Assemblers & Fabricators PR Inc,"(ASFA)ASSEMBLERS AND FABRICATORS OF PUERTO RICO, INC.",x,
6674-111,MODEL OFFSET PRINTING,"MODEL OFFSET PRINTING, INC.",x,
111350-111,"ABC NETHERLANDS, Inc./Alliance Duty Free / P & B, INC.","ALLIANCE DUTY FREE, INC.",x,
6283-112,"KERRY FLAVOR SYSTEMS PUERTO RICO, INC./CARGILL FLAVORS SYSTEMS PUERTO RICO, INC. / (PREVIOUS: DEGUSSA FLAVORS & FRUIT SYSTEMS PUERTO RICO, INC.)","KERRY FLAVOR SYSTEMS PUERTO RICO, INC",x,
381844-111,Nexeon MedSystems Puerto Rico Operatios Company Corporation,NEXEON MEDSYSTEMS PUERTO RICO OPERATIONS COMPANY CORPORATION,x,
11473-112,Luthi Machinery Company,"LUTHI MACHINERY COMPANY, INC.",x,
35610-111,BORINQUEN FIBER DRUMS,"BORINQUEN FIBERS DRUMS, INC.",x,
13376-112,"ARAMARK CLEANROOM SERVICE (PUERTO RICO), INC.","ARAMARK CLEANROOM SERVICES (PUERTO RICO), INC.",x,
142169-111,WARNER CHILCOTT COMPANY LLC,"WARNER CHILCOTT COMPANY, INC.",x,
10344-112,"FMC Agricultural Caribe LTD ( f/k/a DUPONT AGRICULTURAL CARIBE INDUSTRIES, LTD.)","FMC AGRICULTURAL CARIBE INDUSTRIES, LTD.",x,
15469-111,"RAMALLO BROS. PRINTING, INC./ CARIBBEAN FORMS MANUFACTURERS, INC.","RAMALLO BROS.PRINTING, INC.",x,
19337-111,Fuentes Concrete Pile Co,"FUENTES CONCRETE PILE CO., INC.",x,
177723-111,"Frans Global Corporation                            Camille's Interamerica Development, Inc.,    Angel's Interamerica Development, Inc.  Chester's Interamerica Development, Inc.","CHESTER'S INTERAMERICA DEVELOPMENT, INC.",x,
149561-111,Gaspard & Sons Mayaguez,GASPARD AND SONS MAYAGUEZ INC.,x,
126360-111,Moca Concrete Poles,"MOCA CONCRETE POLES, INC.",x,
90111-111,"Abbott Healthcare Products Inc./Abbott Chemicals Plant, Inc./Abbott Fermentation de PR, inc.","ABBOTT CHEMICALS PLANT, INC.",x,
64914-111,Simmons Caribbean Bedding,"SIMMONS CARIBBEAN BEDDING, INC.",x,
37184-111,Aconcagua Dental Laboratory Corp,"ACONCAGUA DENTAL LABORATORY, INC.",x,
17388-111,"CANARICO QUARRIES,INC.","CANARICO QUARRIES, INC.",x,
156992-111,Micros Fidelio Caribbean,"MICROS-FIDELIO CARIBBEAN, INC.",x,
148308-111,Sartorius Stedim,SARTORIUS STEDIM FILTERS INC.,x,
103-1532,Pepsi Cola Puerto Rico Distributing LLC,"PEPSI-COLA PUERTO RICO DISTRIBUTING, LLC",x,
7368-112,"COLGATE PALMOLIVE CO., DISTRIBUTORS",COLGATE-PALMOLIVE (P.R.) INC.,x,
9901-112,Hewlett Packard Caribe LLC,HEWLETT-PACKARD CARIBE B.V.,x,
10685-,"PALL PUERTO RICO, INC. / PALL BIOMEDICAL, INC. / PALL NETHERLANDS B.V. / PALL LIFE SCIENCES PUERTO RICO LLC",PALL NETHERLANDS B.V.,x,
100490-111,Pharma-Bio Serv PR,PHARMA-BIO SERV PR INC,x,
100490-111,"PHARMA BIO SERV, INC./PHARMA BIO SERV PR, INC.(PLAZA CONSULTING GROUP, INC.)",PHARMA-BIO SERV PR INC,x,
98075-111,Bull Bond Mfg Corp,BULL-BOND MFG. CORP.,x,
98075-111,BULL BOND MFG CORP,BULL-BOND MFG. CORP.,x,
12402-112,Axiscare Health logistics,"AXISCARE HEALTH LOGISTICS, INC.",x,
78141-111,Compañía Industrial Marmolera,"COMPAÑIA INDUSTRIAL MARMOLERA, INC.",x,
15-113,"Puma Energy Services (LATAM), LLC",PUMA ENERGY SERVICES (LATAM) S.A. INC.,x,
147123-111,"JT STAR- CAM, INC","JT STAR-CAM, INC.",x,
5479-112,"JOHN H. HARLAND COMPANY OF P.R., INC.",JOHN H. HARLAND COMPANY,x,
145345-111,LIQUI FERT CORP,LIQUI FERT CORPORATION,x,
115514-111,ADCHEM DISTRIBUTORS INC / ADCHEM PHARMA OPERATIONS DIVISIOn,ADCHEM PHARMA OPERATIONS CORPORATION,x,
71379-111,Ortho-Tain,"ORTHO-TAIN, INC.",x,
125340-111,"MAGIC WAREHOUSING & DISTRIBUTION , INC.","MAGIC WAREHOUSING & DISTRIBUTION, INC.",x,
135826-1011,Nils H Ljungman & Assoc.,"NILS H. LJUNGMAN & ASSOCIATES, INC.",x,
404180-1511,"BIOMASS Green Fuels, LLC",BIOMASS GREEN FUELS  LLC,x,
119517-111,"HOMECA RECYCLING CENTER COMPANY, INC.",HOMECA RECYCLING CENTER CO. INC.,x,
179426-1011,"Majestic Windows & Doors,Inc.","MAJESTIC WINDOWS & DOORS, INC.",x,
386313-111,DCN Administrative & Recycling Corp,DCN ADMINISTRATIVE & RECYCLING  CORP.,x,
68553-111,"Hi-Tec Brake Manufacturing Co.,Inc.","HI-TEC BRAKE MANUFACTURING CO., INC.",x,
145215-111,"ASPECT SOFTWARE CARIBBEAN, INC. / CORSIDIAN CARIBBEAN TECHNOLOGY, INC.","ASPECT SOFTWARE CARIBBEAN, INC.",x,
11297-112,"EDWARDS LIFESCIENCES CORPORATION OF PR
BAXTER HEALTHCARE CORPORATION OF PUERTO RICO
BAXTER CARIBE, INC.",EDWARDS LIFESCIENCES CORPORATION OF PUERTO RICO,x,
80019-111,Telefónica Larga Distancia ,"TELEFONICA LARGA DISTANCIA DE PUERTO RICO, INC.",x,
354127-1511,PSAE Hardware LLC,PSAE  HARDWARE L.L.C.,x,
305350-1531,SAN JUAN ARTISAN DISTILLERS,"SAN JUAN ARTISAN DISTILLERS, LLC",x,
11431-112,BASF AGROCHEMICAL PROSUCTS B.V.,BASF AGROCHEMICAL PRODUCTS B.V.,x,
1833-1531,Vantage Consulting Group Latin Americas LLC,VANTAGE CONSULTING GROUP LATIN AMERICA LLC,x,
165947-111,HONEYWELL AEROSPACE DE PUERTO RICO,"HONEYWELL AEROSPACE DE PUERTO RICO, INC.",x,
161903-111,"CATALENT P.R. GUAYNABO, INC. /  / CATALENT PR MANATI, INC. / PREVIOUS: CATALENT P.R. HUMACAO, INC. / CATALENT PHARMA SOLUTIONS, INC.(CARDINAL HEALTH P.R. 410/416/417/218, INC.) CLONDALKIN","CATALENT PR MANATI, INC.",x,
50807-111,AQUA PAK SYSTEM/CHLORINE & INSTRUMENTS SERVICES CO.,"CHLORINE & INSTRUMENT SERVICES CO, INC",x,
136055-111,Hasting Shoe Company Inc.,HASTING SHOES COMPANY INC.,x,
302090-111,LANCO GLOBAL SYSTEMS CARIBBEAN INC ,"LANCO GLOBAL SYSTEMS (CARIBBEAN), INC.",x,
310896-111,"Detalles En Madera, Inc. (F.K.A. Maderas 3C, Inc.)","DETALLES EN MADERA , INC.",x,
310896-111,"Detalles en Madera, Inc.","DETALLES EN MADERA , INC.",x,
32435-111,Flexible Packaging Company,FLEXIBLE PACKAGING COMPANY INC.,x,
15027-112,"COMPLETE COACH WORKS, INC.",COMPLETE  COACH  WORKS,x,
8780-111,ALSCO ALUMINUM CORP,"ALSCO ALUMINUM CORPORATION (ALSCO ALUMINUM, CORP.)",x,
8780-111,Alsco Aluminum Corp.,"ALSCO ALUMINUM CORPORATION (ALSCO ALUMINUM, CORP.)",x,
2307-111,ROVIRA BISCUIT CORPORATION & PONCE CAN COMPANY INC.,ROVIRA BISCUIT CORPORATION,x,
10224-112,FMC TECHNOLOGIES AG-PUERTO RICO BRANCH,FMC TECHNOLOGIES AG,x,
588-1531,"BOND STREET MANAGEMENT, LLC/ARCO CAPITAL MANAGEMENT, LLC (FORMERLY CAPMAR HOLDINGS, LL) / CARCO INTERNATIONAL GROUP, LLC / ARCO REAL ESTATE, LLC / ARCO CAPITAL HOLDING, LLC / ACM HOLDINGS, LLC / ACM INVESTMENTS, LLC / ACM VENTURES, LLC / ACM SPECIAL SITUATIONS, LLC / ARCO SPECIAL OPPORTUNITIES, LLC(NEW BOND)",ACM SPECIAL OPPORTUNITIES LLC,x,
597-112,"PROCTER & GAMBLE PHARMACEUTICALS PUERTO RICO, INC.",PROCTER & GAMBLE COMMERCIAL,x,
9750-112,Northrop Grumman Electrical,"NORTHROP GRUMMAN ELECTRONICOS, INC.",x,
9007-112,OMJ Pharmaceuticals,"OMJ PHARMACEUTICALS, INC.",x,
6764-111,"South Puerto Rico Towing and Boat Services, Inc","SOUTH PUERTO RICO TOWING & BOAT SERVICE, INC.",x,
120101-111,"CARIBE AHU SYSTEMS, INC.",CARIBE AHU SYSTEM INC.,x,
39201-111,Master Aggregates Toa Baja Corp,MASTER AGGREGATES TOA BAJA CORPORATION,x,
39201-111,"Master Aggregates Toa Baja, Corp",MASTER AGGREGATES TOA BAJA CORPORATION,x,
11942-112,"BP Products North America, Inc.",BP PRODUCTS NORTH AMERICA  INC.,x,
11612-112,Cutler Hammer de Puerto Rico Co.,CUTLER-HAMMER COMPANY,x,
142680-111,RIDGE TOP PARTNERS,"RIDGE TOP PARTNERS, INC.",x,
8055-112,"VENTION MEDICAL PUERTO RICO, INC. (antes MEDTECH PUERTO RICO, INC.(MEDTECH PLASTICS PUERTO RICO, INC.)","MEDTECH PLASTICS PUERTO RICO, INC.",x,
5374-111,PUERTO RICO WOOD TREATING INDUSTRIES INC,"WOOD TREATING INDUSTRIES,INC.",x,
1010-112,Chesebrough Pond's,CHESEBROUGH-POND'S INTERNATIONAL LTD.,x,
96420-111,"CCL INSERTCO DE PUERTO RICO, INC.
CCL LABEL DE PUERTO RICO, INC.","CCL LABEL DE PUERTO RICO, INC.",x,
65708-111,Robert Gas Cylinder Co,"ROBERT GAS CYLINDER COMPANY, INC.",x,
113804-111,Rosario Aluminum Mfg ,"ROSARIO ALUMINUM MFG, INC.",x,
396143-111,DNS ALUMINUM INCORPORATION,DNS ALUMINUM INCORPORATED,x,
159593-111,"CLOROX MANUFACTURING COMPANY OF PUERTO RICO, INC.","CLOROX  MANUFACTURING COMPANY OF PUERTO RICO, INC.",x,
159593-111,"CLOROX MANUFACTURING COMPANY OF PUERTO RICO,INC.","CLOROX  MANUFACTURING COMPANY OF PUERTO RICO, INC.",x,
4555-111,MAREY HEATER CORP.,MAREY HEATER CORPORATION,x,
4555-111,MAREY HEATER CORP,MAREY HEATER CORPORATION,x,
153905-111,"CASA GRANDE INTERACTIVE COMMUNICATIONS, INC.","CASA GRANDE INTERACTIVE COMMUNICATIONS,  INC.",x,
16341-111,"NEW YORK WIPING & INDUSTRIAL CO., INC.","NEW YORK WIPING AND INDUSTRIAL PRODUCTS CO., INC",x,
159094-111,Fortaleza Windows and Doors Corp,FORTALEZA WINDOWS  AND DOORS  CORP.,x,
70754-111,Pirette Draperies Inc.,"DRAPERY CREATIONS OF PIRETTE, INC.",x,
135216-111,Expo Display Caribbean Inc.,EXPO DISPLAYS CARIBBEAN INC.,x,
30994-111,Julio Castaño Aparicio,"JULIO APARICIO, INC.",x,
172829-1011,TRUENORTH INFORMATION TECHNOLOGIES,"TRUENORTH INFORMATION TECHNOLOGIES SERVICES, INC.",x,
8564-112,Watson Laboratories Caribe,"WATSON LABORATORIES CARIBE, INC.",x,
7249-112,CURTIS INSTRUMENTS PUERTO RICO,"CURTIS INSTRUMENTS (PUERTO RICO), INC.",x,
110129-111,Gelato Amore Mio MFG,"GELATO AMORE MIO, CORP.",x,
10979-112,"MAYS CHEMICAL COMPANY OF PR, INC.","MAYS CHEMICAL COMPANY, INC.",x,
67775-111,"BLUEWATER DEFENSE, INF/ (F/K/A : DJ MANUFACTURING CORP.)","BLUEWATER DEFENSE, INC.",x,
11897-112,MEDTRONIC PUERTO RICO OPERATIONS COMPANY,MEDTRONIC PUERTO RICO  OPERATIONS CO.,x,
11897-112,MEDTRONIC PUERTO RICO OPERATIONS CO.,MEDTRONIC PUERTO RICO  OPERATIONS CO.,x,
289-811,"UNIPRO ARCHITECTS, ENGINEERS AND PLANNERS","UNIPRO ARCHITECTS AND ENGINEERS, LLP.",x,
114817-111,Ardagh Metal Packaging PR Inc.,ARDAGH METAL PACKAGING PUERTO RICO INC,x,
14211-111,"NESTLE PUERTO RICO, INC. / (FORMERLY KNOWN AS) GERBER PRODUCTS COMPANY OF PUERTO RICO, INC.","GERBER PRODUCTS COMPANY OF PUERTO RICO, INC.",x,
10850-112,"SMART MODULAR, TECHNOLOGIES (PUERTO RICO), INC. / DSC OF PUERTO RICO, INC. ","SMART MODULAR TECHNOLOGIES (PUERTO RICO), INC.",x,
63458-111,IMPRESO EMMANUELLI INC,"IMPRESOS EMMANUELLI, INC.",x,
107688-111,"Garments & Embroideries Puerto Rico, Inc.","GARMENTS & EMBROIDERIES PUERTO RICO , INC.",x,
45885-111,"Petroleum Emulsion Manufacturing, Corp",PETROLEUM EMULSION MANUFACTURING CORPORATION,x,
76784-111,"AKM MFG., INC.				
","AKM MFG., INC.",x,
47318-111,"INDUSTRIAS DECORATIVAS DE PUERTO RICO, INC.","INDUSTRIA DECORATIVA DE PUERTO RICO, INC.",x,
81570-1011,"Excellere Consulting Associates , Inc.","EXCELLERE CONSULTING ASSOCIATES, INC.",x,
2268-111,"BLANCO & RIERA, INC.","BLANCO Y RIERA, INC.",x,
50653-111,CARIBE OPTI LAB,"CARIBE OPTI LAB , INC.",x,
50653-111,Caribe Opti Lab,"CARIBE OPTI LAB , INC.",x,
12-1532,JANSSEN ORTHO LLC AND AFFILIATES,JANSSEN ORTHO LLC,x,
12-1532,Janssen Ortho LLC and Affiliates,JANSSEN ORTHO LLC,x,
36126-111,Rigid Pak Corp,RIGID-PAK CORPORATION,x,
114723-111,"MARXUACH PRECAST SOLUTIONS CORP (ANTES MARXUACH & LONGO, INC.)","MARXUACH PRECAST SOLUTIONS, LLC",x,
10202-1512,Syngenta Seeds Inc.,"SYNGENTA SEEDS, LLC.",x,
108521-111,"VIRTUAL EDUCATIONAL RESOURCES NETWORK, INC.","VIRTUAL EDUCATIONAL RESOURCES NETWORK, INC. (VERNET)",x,
85857-111,"A New Vision in Education Services & Material, Inc","A NEW VISION IN EDUCATIONAL SERVICES AND MATERIALS, INC.",x,
259-1532,AMI DODUCO (PR) LLC / METALOR ELECTROTECHNICS (PR) LLC,"METALOR ELECTROTECHNICS (PUERTO RICO), LLC",x,
95990-111,Tender Mill Inc.,"TENDER MILLS, INC.",x,
78312-111,"TECHNO-PLASTICS INDUSTRIES, INC.","TECHNO PLASTICS INDUSTRIES, INC.",x,
147028-111,Aguas Puras del Caribe,AGUAS PURAS DEL CARIBE INC.,x,
3618-112,Pfizer Pharmaceuticals LLC,"PFIZER PHARMACEUTICALS, INC.",x,
3618-112,PFIZER PHARMACEUTICALS LLC,"PFIZER PHARMACEUTICALS, INC.",x,
3618-112,"Pfizer Pharmaceuticals, LLC","PFIZER PHARMACEUTICALS, INC.",x,
113533-111,Droguería Antillana,"DROGUERIA ANTILLANA, INC.",x,
69357-111,INCO Business Furniture Inc.,INCO BUSINESS FURNITURE CORP.,x,
137855-111,PACE ANALYTICAL,"PACE ANALYTICAL, INC.",x,
137855-111,Pace Analytical,"PACE ANALYTICAL, INC.",x,
159842-111,GPI General Procurement,"GPI GENERAL PROCUREMENT OF PUERTO RICO, INC.",x,
141905-1011,Powerline Electrical Product Corp,POWERLINE ELECTRICAL PRODUCTS CORP.,x,
22272-111,Favorita Biscuit Corporation,FAVORITA BISCUIT CORP.,x,
123697-111,"ECOLOGICA CARMELO, INC. / PREVIOUS: (INDUSTRIAS CARMELO, INC.)","ECOLOGICA CARMELO, INC.",x,
104134-111,"V. B. CARIBE, INC. (Va Bien International, Inc.)","VA BIEN INTERNATIONAL, INC.",x,
250-1531,"ABRAXIS BIOSCIENCE MANUFACTURING, LLC/ APP PHARMACEUTICALS MANUFACTURING, LLC","APP PHARMACEUTICALS MANUFACTURING, LLC",x,
420110-1511,PANIFICADORA BORINQUEÑA LLC,PANIFICADORA BORINQUEÑA  LLC,x,
56111-111,NEVA Plastics Manufacturing,NEVA PLASTICS MANUFACTURING CORP.,x,
77397-111,JR Sheet Metal Mfg Inc.,"AGUAYO'S SHEET METAL MFG., INC.",,x
100454-111,Regulatory Compliance Ser Corp,"REGULATORY COMPLIANCE, INC.",x,
6121-112,SENSORMATIC ELECTRONICS CORPORATION (PR),SENSORMATIC ELECTRONICS CORPORATION,x,
128226-111,Vortex Aviation Maintenace Inc.,J.A.C. AVIATION MAINTENACE INC.,,x
108701-111,Condado Window Hurricane,"CONDADO WINDOW HURRICANE PROTECTION, INC.",x,
427906-1511,Hindustan Platinum PR,HINDUSTAN PLATINUM P.R. LLC,x,
90790-111,"LOGROB SCAFOLD EQUIPMENT RENTAL, INC.","LOGROB SCAFFOLD EQUIPMENT RENTAL, INC.",x,
125491-111,"Caribbean Truck Bodies and Equipment, Inc.","CARIBBEAN TRUCK BODIES AND EQUIPMENT,INC.",x,
125491-111,CARIBBEAN TRUCK BODIES & EQUIPMENT INC.,"CARIBBEAN TRUCK BODIES AND EQUIPMENT,INC.",x,
70242-111,Rubber & Plastics Specialties,"RUBBER & PLASTIC SPECIALTIES, CORP.",x,
112374-111,Jorge W Cruz Lopez,JORGE W. CRUZ LOPEZ INC.,x,
150700-111,"MEGA TRAN INDUSTRIAL CORP (ANTES) MEGA-TRAN, INC.",MEGA-TRAN INDUSTRIAL CORP.,x,
141960-111,WPR LA CERAMICA L.P.S.E.,WPR LA CERAMICA GP INC.,x,
1243-112,Sealy Mattress Company of PR ,SEALY MATTRESS COMPANY OF PUERTO RICO,x,
61636-111,"Springs for Bedding Manufacturing, Inc.",SPRINGS FOR BEDDING MANUFACTURING CORP.,x,
165655-111,MP Export and Import Inc.,MP EXPORT & IMPORT INC.,x,
148008-1011,Recicladora del Caribe,"RECICLADORA DEL CARIBE, INC.",x,
127395-111,SATCO PRODUCTS PUERTO RICO INC,"SATCO PRODUCTS OF PUERTO RICO, INC.",x,
4097-1531,"LONGO EN TECH PUERTO RICO, LLC","LONGO-EN TECH PUERTO RICO, LLC",x,
7806-112,"CERAMCO MANUFACTURING, CORP.",CERAMCO MANUFACTURING CO.,x,
7806-112,CERAMCO MANUFACTURING BV,CERAMCO MANUFACTURING CO.,x,
52001-111,Gegloma Realty Corporations,GEGLOMA REALTY CORPORATION,x,
337422-1511,Emanuelli Research & Development Center,EMANUELLI RESEARCH & DEVELOPMENT CENTER LLC,x,
5-1533,EDWARDS LIFESCIENCES TECHNOLOGY ,"EDWARDS LIFESCIENCES TECHNOLOGY SARL,  LLC",x,
23360-111,"Bloques Carmelos Inc,.","BLOQUES CARMELO, INC.",x,
112756-111,"Quality Windows & Doors, Inc.","QUALITY WINDOWS AND DOORS, INC.",x,
2892-112,Tech Aerofoam Products ,"TECH-AEROFOAM PRODUCTS INTERNATIONAL, INC.",x,
336218-111,Iroko Pharmaceuticals Puerto Rico Corp.,IROKO PHARMACEUTICALS PUERTO RICO CORPORATION,x,
90556-111,COMITIA MOLINA INTERNACIONAL CORP.,COMITIA MOLINA INTERNATIONAL CORP.,x,
82115-111,"MEDICAL & VACCINE PRODUCTS, INC. D/B/A VICTORIA MEDICAL","MEDICAL & VACCINE PRODUCTS, INC.",x,
102945-111,Jimenez davila & Associates Inc.,"JIMENEZ DAVILA AND ASSOCIATES, INC.",x,
105514-111,"DIS-PACH TRASPORTATION PUERTO RICO, INC.","DIS-PACH TRANSPORTATION PUERTO RICO, INC",x,
7194-112,AJ Oster Caribe LLC,"A.J. OSTER CARIBE, INC.",x,
7194-112,"A.J. OSTER CARIBE, LLC","A.J. OSTER CARIBE, INC.",x,
130614-111,SYNOVIS CARIBE IN,"SYNOVIS CARIBE', INC.",x,
97222-111,"GFR Media, Inc (Advanced Graphic Printing)","ADVANCED GRAPHIC PRINTING, INC.",x,
175088-111,NS Export Management Services,"NS EXPORT MANAGEMENT SERVICES, INC.",x,
102682-111,Fadyro Distributors,"FADYRO DISTRIBUTORS, INC.",x,
180265-111,Caribbean Office Design a div of COD Contract Corp,COD CONTRACT CORP.,x,
169340-111,Productos La Samaritana,PRODUCTO LA SAMARITANA INC.,x,
52371-111,Mark Trece of Puerto Rico,"MARK/TRECE DE PUERTO RICO, INC.",x,
157679-111,"Jackson Hudson, Corp",JACKSON HUDSON CORPORATION,x,
85388-111,"NORAT ENVIRONMENTAL SAFETY PRODUCTS, INC.","NORAT ENVIROMENTAL SAFETY PRODUCTS, INC.",x,
133304-111,Pac Tech International Inc.,"PAC-TECH INTERNATIONAL, INC.",x,
13583-112,"ZIMMER CARIBE, INC. / ZIMMER MANUFACTURING, BV",ZIMMER MANUFACTURING  B.V.,x,
13583-112,ZIMMER MANUFACTURING B.V.,ZIMMER MANUFACTURING  B.V.,x,
1327-112,"KIMBERLY CLARK PUERTO RICO, INC.","KIMBERLY-CLARK INTERNATIONAL, S. A.",x,
1327-112,Kimberly Clark PR Inc.,"KIMBERLY-CLARK INTERNATIONAL, S. A.",x,
129498-111,Master Lum,"MASTER LUM, INC.",x,
50390-111,"OLIMPIC PLAYGROUND MFG., INC.","OLIMPIC PLAYGROUND MANUFACTURING, CO., INC.",x,
63517-111,SACHS CHEMICALS INC,"SACHS CHEMICAL, INC.",x,
339021-1511,Momentum Creative Labs,MOMENTUM CREATIVE LABS LLC,x,
16602-111,PRODUCTOS DE CEMENTO INC,"PRODUCTOS DE CEMENTOS, INC.",x,
99191-111,Correa Tire Distributors Inc.,"CORREA TIRE DISTRIBUTOR, INC.",x,
121818-111,CC PALLETS,CC PALLETS  INC.,x,
182947-111,"CITRIX SYSTEMS PUERTO RICO / KNOWLITY INTERNATIONAL, CORP.","CITRIX SYSTEMS PUERTO RICO, CORP.",x,
101654-111,Nelson Gutierrez,"NELSON GUTIERREZ, INC.",x,
311098-121,TEOFILO MOLINELLI FREYTES,"FUNDACIÓN LUZ MOLINELLI FREYTES, INC.",,x
67523-111,FIDEICOMISO HERNANDEZ CASTRODAD / (ANTES) SR. RAFAEL HERNANDEZ BARRERAS,"RAFAEL A. CASTRODAD, INC.",,x
132153-111,"CDI LABORATORIES, INC. (CARIBBEAN DAIRY INSTITUTE, INC.)","CDI LABORATORIES, INC.",x,
161994-111,"RAC Manufacturing Company, LLC","RAC MANUFACTURING COMPANY, INC.",x,
17012-111,Forto Chemical Corp,FORTO CHEMICAL CORPORATION,x,
99835-111,CORDECO NORTHWEST CORP.,CORDECO NORTHWEST CORPORATION,x,
101463-111,Puerto Rico Pallet Recycling,PUERTO RICO PALLET RECYCLING INC.,x,
69392-111,Caribe Pallets and Packaging,CARIBE PALLETS & PACKAGING CORPORATION,x,
69392-111,Caribe Pallets & Packaging Corp,CARIBE PALLETS & PACKAGING CORPORATION,x,
134779-111,"KINGS SPORTS WEAR & PRO-SHOP, INC.","KING´S SPORTS WEAR & PRO SHOP, INC.",x,
79822-111,Quality for Business Success,"QUALITY FOR BUSINESS SUCCESS, INC.",x,
56425-111,"CANTERA CARRAIZO,INC.","CANTERA CARRAIZO, INC.",x,
93850-111,CARLA'S SWEETS CORP.,"CARLA S SWEETS, CORP",x,
173854-111,"Telemedik Innova Health Solutions, Inc.","TELEMEDIK INNOVA HEALTHSOLUTIONS, INC.",x,
158728-111,Integrated Solutions Outsourcing Group Inc.,INTEGRATED SOLUTIONS AND  OUTSOURCING GROUP INC.,x,
158728-111,"INTEGRATED SOLUTIONS & OUTSOURCING GROUP, INC.",INTEGRATED SOLUTIONS AND  OUTSOURCING GROUP INC.,x,
438357-1511,Bethel Protective System LLC,"BETHEL PROTECTIVE SYSTEMS,  LLC",x,
10559-112,"MYLAN, INC. AND MYLAN CARIBE, INC.","MYLAN CARIBE, INC.",x,
28299-111,"SHELVINGS CARIBE, INC.","SHELVING CARIBE, INC.",x,
42410-111,Star Wire Products Inc.,"WIRE PRODUCTS, INC. (STAR)",x,
138228-111,Sociedades Santa Marina,"SOCIEDADES SANTA MARINA, INC.",x,
72371-111,"Hambleton Group Companies,Iinc","HAMBLETON GROUP COMPANIES, INC.",x,
4820-112,Chevron Phillips Chemical PR,CHEVRON CHEMICAL CO. OF P.R.,x,
407361-111,"COPAN Industries, Inc.","COPAN INDUSTRIES,  INC.",x,
105730-111,Axesa Información S en C.,AXESA SERVICIOS DE INFORMACIÓN INC.,x,
115127-111,Edwards Lifesciences Export PR,EDWARDS LIFESCIENCES EXPORT (PUERTO RICO) CORPORATION,x,
138145-111,Fábrica de Mujeres La Caborrojeña,"FABRICA DE MUEBLES ""LA CABORROJEÑA"" INC.",x,
60470-111,"Island Coil Corporation
",ISLAND COIL CORPORATION,x,
90289-111,SQUARE KNOT CORP.,SQUARE KNOT CORPORATION,x,
115236-111,"MENTOR  TECHNICAL GROUP, CORP.",MENTOR TECHNICAL GROUP CORP.,x,
56854-111,Girard Manufacturing,"GIRARD MANUFACTURING, INC.",x,
40509-111,KURY MANUFACTURING INC,KURY MANUFACTURING CO. INC.,x,
40509-111,"Kury Manufacturing, Inc.",KURY MANUFACTURING CO. INC.,x,
12071-112,"R.J. REYNOLDS TABACCO COMPANY/ R.J. REYNOLDS TABACCO CO. / R.J. REYNOLDS TABACCO (CI), CO.","R.J. REYNOLDS TOBACCO (CI), CO.",x,
92056-111,"Energy Electrical Industrial Supply, Inc.","ENERGY ELECTRIC INDUSTRIAL SUPPLY, INC",x,
2626-112,Nu-Vue Iondustries of PR,"NU-VUE INDUSTRIES, INC.",x,
49592-111,Insular Wire Products ,INSULAR WIRE PRODUCTS CORPORATION,x,
116199-111,"ALUMINUM & MILLWORK ETC, INC.","ALUMINUM & MILLWORKS ETC., INC.",x,
86512-111,Eric Delgado d/b/a Promotional Enhancing Services,"PROMOTIONAL ENHANCING SERVICES, INC.",x,
117422-111,CB REAL ESTATE CORP,CB REAL ESTATE L.L.C.,x,
20628-111,Caguas Orthopedics Center,"CAGUAS ORTHOPEDIC CENTER, INC.",x,
30909-111,TRUJILLO ALTO METAL CORPORATION,TRUJILLO ALTO METAL DOOR CORPORATION,x,
92268-111,Isla Verde Brewing,"ISLA VERDE BREWING COMPANY, INC.",x,
29070-111,Airport Aviation Services,"AIRPORT AVIATION SERVICES, INC.",x,
29070-111,AIRPORT AVIATION SERVICES CORP,"AIRPORT AVIATION SERVICES, INC.",x,
197000-1011,"RIWBET INVESTMENT, INC.","RIWBET INVESTMENT,INC",x,
25-1532,"SNC TELECOMMUNICATION, LLC D/B/A SNC MANUFACTURING","SNC MANUFACTURING, L.L.C.",x,
25-1532,SNC TELECOMUNICATION LLC D/B/A SNC MANUFACTURING ,"SNC MANUFACTURING, L.L.C.",x,
122063-111,Olein Recovery,OLEIN RECOVERY CORPORATION,x,
8075-112,CPI DEL CARIBE INC,"CPI DEL CARIBE, LTD.",x,
8075-112,Guidant CPI Del Caribe LTD,"CPI DEL CARIBE, LTD.",x,
131557-111,Atlantic Metal Manufacturing,"ATLANTIC METAL MANUFACTURING, INC.",x,
369393-111,ECB Ponce Corp,ECB PONCE  CORP.,x,
101830-111,Digital Audiovisual Services,"DIGITAL AUDIOVISUAL SERVICES, INC.",x,
125277-111,INDUSTRIAL MANUFACTURING SHEET METAL,JR SHEET METAL MANUFACTURING INC.,x,
52722-111,"CARIBE FREIGHT FORWARDING OF PUERTO RICO, INC.","F.R. FREIGHT FORWARD, INC.",,x
170449-1011,"OSMI Enterprises, Inc. dba Visual Graphics Concepts","OSMI ENTERPRISES, INC.",x,
18845-111,Luis A Ayala Colón Sucesores Inc.,"LUIS A. AYALA COLON SUCRS, INC.",x,
18845-111,Luis A. Ayala Colón,"LUIS A. AYALA COLON SUCRS, INC.",x,
438393-1511,METALMAX CARIBE LLC ,METALMAX CARIBE  LLC,x,
163522-111,Tuy Investment Group,"TUY INVESTMENT GROUP, INC.",x,
107526-111,Alara Pharmaceutical Corp,ALARA PHARMACEUTICAL CORPORATION,x,
8632-112,Hamilton Sundstrand de PR,"HAMILTON SUNDSTRAND DE PUERTO RICO, INC.",x,
52466-111,Julio Serrano/Impresos Taino,"IMPRESOS TAINO, INC.",x,
52466-111,JULIO SERRANO SANTINI H/N/C IMPRESOS TAINO,"IMPRESOS TAINO, INC.",x,
93620-111,"Johnson Controls GWS - Puerto Rico, Inc.",JOHNSON CONTROLS OF PUERTO RICO INC.,x,
109904-111,Sun Colors Digital Inc.,"SUN COLORS DIGITAL GRAPHICS, INC.",x,
1003-1532,GLOBAL TURN KEY SERVICES INC.,GLOBAL TURN KEY SERVICES CARIBBEAN LLC,x,
126667-111,"DIABETIC SOLUTIONS MEDICAL EQUIPMENT & PROSTHETICS, CORP.",M & M PROSTHETICS & MEDICAL EQUIPMENT CORP.,,x
164021-111,INTERNATIONAL PLASTIC PROCESS CORP,"INTERNATIONAL PLASTICS PROCESS, CORP.",x,
109198-111,Mays Chemical of Puerto Rico Inc,"MAYS CHEMICAL COMPANY OF PUERTO RICO, INC.",x,
157343-111,"WESTROCK-PUERTO RICO, INC. / ANTES ROCKTENN-PUERTO RICO, INC. / antes SMURFIT STONE PUERTO RICO, INC.","WESTROCK-PUERTO RICO, INC.",x,
164305-111,BRENNTAG PUERTO RICO INC,"BRENNTAG PUERTO RICO ,  INC.",x,
6671-112,SYMMETRICOM PUERTO RICO INC,"SYMMETRICOM PUERTO RICO, LTD",x,
6968-112,Praxair Puerto Rico BV,"PRAXAIR PUERTO RICO, INC.",x,
68583-111,Rico Chef Food Products Inc,"RICO-CHEF FOOD PRODUCTS, INC.",x,
2388-1531,TLS Management and Marketing Services LLC (formerly Tax Law Solutions LLC),TLS MANAGEMENT AND MARKETING SERVICES LLC,x,
98060-111,AMERICAN TELEMEDICINE CENTER CORPO,AMERICAN TELEMEDICINE CENTER CORP.,x,
102117-111,Whyeth Whitehall Pharmaceuticals,"WYETH-WHITEHALL PHARMACEUTICALS, INC",x,
514290-1511,Baxter Healthcare S.A. (d/b/a Baxther Healthcare of Puerto Rico),BAXTER HEALTHCARE OF PUERTO RICO LLC,x,
121323-111,"Superior Angran Export, Inc","SUPERIOR ANGRAN DOMINICANA, INC.",,x
5860-112,"PEERLESS OIL & CHEMICLS, INC/ COLONIAL CARIBBEAN INC","PEERLESS OIL & CHEMICALS, INC.",x,
60694-111,Performance Chemicals Company,"PERFORMANCE CHEMICALS COMPANY, INC.",x,
33664-111,Mi Pan Asociados,"MI PAN ASOCIADOS, INC.",x,
103241-111,Caribbean Tanks Technologies Corp.,"CARIBBEAN TANK TECHNOLOGIES, CORP.",x,
105859-111,Atento de Puerto Rico,"ATENTO DE PUERTO RICO, INC.",x,
114352-111,"CELESTICA DE PUERTO RICO, INC. / (FORMERLY, MSL DE PUERTO RICO, INC.)","CELESTICA DE PUERTO RICO, INC.",x,
144615-111,"GRUPO NOVUS, INC","GRUPO NOVUS , INC",x,
49904-111,"AMERICAN METAL & ELECTRICAL EQUIPMENT, INC","AMERICAN METAL AND ELECTRICAL EQUIPMENT, CORP.",x,
363810-1511,GREEN ROAD STUDIO  LLC,GREEN ROAD STUDIO LLC,x,
364535-1511,GLOBAL-TEK-MANUFACTURING LLC,GLOBAL-TEK MANUFACTURING LLC,x,
71588-111,"PUERTO RICO STORAGE AND DISTRIBUTION, INC.",PUERTO RICO STORAGE & DISTRIBUTION INC.,x,
103317-111,HC Wooden Pallets Inc.,"HECTOR CARO WOODEN PALLETS, INC",x,
104889-111,SENSE SOFTWARE INTERNATIONAL,SENSE SOFTWARE INTERNATIONAL CORP.,x,
27138-111,MAIN PLACE DEVELOPMENT,MAIN PLACE DEVELOPMENT CORPORATION,x,
7990-112,MFG tech Group Puerto Rico Inc.,"(MFG)  TECH GROUP PUERTO RICO, INC.",x,
7990-112,"Mfg Tech Group Puerto Rico, Inc.","(MFG)  TECH GROUP PUERTO RICO, INC.",x,
87130-111,Avotus Corp of the Americas,AVOTUS CORPORATION OF THE AMERICAS,x,
2041-1531,"BC International Advisors, LLC/Bellocampo Development LLC","BC INTERNATIONAL ADVISORS, LLC",x,
111892-111,"Cristalería y Rótulos Vicas, Inc.","CRISTALERIA Y ROTULOS VIVAS, INC.",x,
10137-112,LILLY DEL CARIBE,"LILLY DEL CARIBE, INC.",x,
176599-111,INDUSTRIAL METAL & CONTROL,"INDUSTRIAL METAL & CONTROL, INC.",x,
111301-111,"Empresas Manufacturera, Inc.","EMPRESA MANUFACTURERA, INC.",x,
164347-1011,Villalba Canning Company Inc.,VILLALBA CANNING COMPANYCORP.,x,
136682-1011,RRT Distributor Corporation,RRT DISTRIBUTORS L.L.C.,x,
405226-1511,"BODEGAS ESPAÑOLAS ARGENTINAS, CORP.",BODEGAS ARGENTINAS LLC,x,
139934-111,The Little Tower Industrial Park Corp,"THE LITTLE TOWER INDUSTRIAL PARK, INC.",x,
34176-111,Olimac Manufacturing Corp,OLIMAC MANUFACTURING CORPORATION,x,
27018-111,Crossco Manufacturing Corporation,CROSSCO MANUFACTURING CORP.,x,
27018-111,CROSSCO MANUFACTURING CORPORATION,CROSSCO MANUFACTURING CORP.,x,
127117-111,Gulbrandsen Puerto Rico ,"GULBRANDSEN PUERTO RICO, INC.",x,
199582-111,"Google Puerto Rico, LLC",GOOGLE PUERTO RICO INC.,x,
188505-111,VIP INTERNATIONAL MANAGEMENT PROPERTIES INC,"VIP INTERNATIONAL PROPERTIES MANAGEMENT, INC.",x,
65697-111,Airport Shoppes Corporation,"AIRPORT SHOPPES, CORP.",x,
67853-111,"Elektro Steel, Corp.",ELEKTRO - STEEL CORPORATION,x,
89165-111,"WEIL GROUP, INC.
","WEIL GROUP, INC.",x,
107193-111,"TRAFON GROUP, INC. (FORMERLY KNOWN AS ENCINAL, INC.)","TRAFON GROUP, INC",x,
132372-111,"Title Support Services, Inc.","TITLE SUPPORTS SERVICES, INC.",x,
188607-111,INTERNATIONAL AIREKO CONSTRUCTION MANAGEMENT INC.,INTERNATIONAL AIREKO CONSTRUCTION MANAGEMENT LLC,x,
1411-111,MATOSANTOS COMMERCIAL CORP.,MATOSANTOS COMMERCIAL CORPORATION,x,
1411-111,MATOSANTOS COMMERCIAL CORP,MATOSANTOS COMMERCIAL CORPORATION,x,
138031-111,"PUERTO RICO HYDRAULLIC SUPPLY, INC.","PUERTO RICO HYDRAULIC SUPPLY, INC.",x,
133151-111,Flepak Investment Inc.,"FLEPAK INVESTMENTS, INC.",x,
38028-111,COMERCIAL LA PINO,"COMERCIAL LA PINO, INC.",x,
3475-112,"COOPER VISION CARIBBEAN, CORP. (ANTES) OCULAR SCIENCE P.R., INC.","COOPER VISION P.R., INC.",x,
6799-112,KNOLL BV DBA BASF PHARMACEUTICALS,KNOLL PHARMACEUTICAL COMPANY,x,
4880-111,"Master MIx de Puerto Rico, Inc.","MASTER MIX OF PUERTO RICO, INC.",x,
23006-111,PROVIMI DE PUERTO RICO,"PROVIMI DE PUERTO RICO, INC.",x,
63391-111,Helvetia del Caribe Inc.,"HELVETIA DEL CARIBE, LLC",x,
63391-111,"HELVETIA DEL CARIBE, INC.","HELVETIA DEL CARIBE, LLC",x,
52689-121,Enrique Mangual Flores,FUNDACIÓN ENRIQUE MANGUAL INC.,,x
117147-111,All Metal Equipment Container of P.R. Corp.,ALL METAL EQUIPMENT CONTAINERS OF P.R. CORP. (AMECPR),x,
66632-111,CASTELL EXPORT CORP,CASTELL EXPORT CORPORATION,x,
71804-111,"TOOL MAKER, INC.","TOOL MAKERS, INC.",x,
140399-111,Combe Products,"COMBE PRODUCTS, INC.",x,
6067-112,The Outdoor Footwear,THE OUTDOOR FOOTWEAR COMPANY,x,
83129-111,"PUERTO RICO PROSTHETICS MFG., CORP.","C.P.O. PROSTHETIC - MODERN PROSTHETIC MFG, INC.",x,
13738-111,BORINQUEN MACARONI CORPORATION,BORINQUEN MACARONI CORP.,x,
13563-112,"CHECKPOINT  CARIBBEAN, LTD",CHECKPOINT CARIBBEAN LTD.,x,
30853-111,Stelko Electrical,"STELKO ELECTRICAL PRODUCTS, INC.",x,
77245-111,"COOLING SYSTEMS CARIBE, INC.","COOLING SYSTEMS-CARIBE, INC.",x,
71008-111,Roberto José Gandía & Luz Marina González,"ROBERTO GANDIA DISTRIBUTORS, INC.",,x
71008-111,Roberto J Gandia POrtela & Luz M Martin González,"ROBERTO GANDIA DISTRIBUTORS, INC.",,x
99906-111,"Starcom Puerto Rico, Inc. ","STARCOM PUERTO RICO,INC.",x,
139630-111,SMILE WHOLESALE INC,"SMILE WHOLESALES, INC.",x,
14764-111,West Indian Products Corpo,WEST INDIAN PRODUCTS CORPORATION,x,
325-1531,ADM Alliance Nutrition of PR ,"ADM ALLIANCE NUTRITION OF PUERTO RICO, LLC",x,
72773-111,Phoenix Cable LTD,"PHOENIX CABLE LTD, INC.,",x,
91925-111,COMPUTER INTEGRATION IF QUAIITY ASSURANCE INC,COMPUTER INTEGRATION OF QUALITY ASSURANCE INC.,x,
78856-111,ESCO MANUFACTURERS INC,"ESCO MANUFACTURING, INC.",x,
6583-112,Mobile Paint caribbean,"MOBILE PAINT CARIBBEAN, INC.",x,
104763-111,COPEQ INDUSTRIAL CORPORATION,COPEQ INDUSTRIAL CORP.,x,
19547-111,Rod Ben Int Corp,"ROD-BEN CONSTRUCTION, INC.",x,
110518-111,Gurabo Aluminum Sales ,GURABO ALUMINUM SALES CORP.,x,
424357-111,New Era Compounding,NEW ERA COMPOUNDING LLC,x,
84147-111,General Coatings Products Corp,"GENERAL COATING PRODUCTS, CORP.",x,
63270-111,HIPOLITO ROSA HERNANDEZ,"HOJALATERIA HIPOLITO ROSA, INC.",x,
101953-111,Verticolor Manufacturing Corp,VERTICOLOR MANUFACTURING CORPORATION,x,
101953-111,VERTICOLOR MANUFACTURING CORP,VERTICOLOR MANUFACTURING CORPORATION,x,
2240-112,"HENKEL PUERTO RICO, INC. (LOCTITE PUERTO RICO)","HENKEL PUERTO RICO, INC.",x,
14259-111,Malecón Warehouse Inc.,"MALECON WAREHOUSE COMPANY, INC.",x,
68553-111,HI-TEC BRAKES MFG CO.,"HI-TEC BRAKE MANUFACTURING CO., INC.",x,
128983-111,FRENDA  CORPORATION,FRENDA CORPORATION,x,
333951-111,DISTECH CORPORATION,DISTECH  CORPORATION,x,
131806-1011,Pro Windoors & Doors Mfg,"PRO WINDOWS & DOORS MFG, INC.",x,
340453-1511,La Paleteria L L C ,LA PALETERIA L.L.C.,x,
87584-111,The Battery Recycling Company,"THE BATTERY RECYCLING CO., INC.",x,
115236-111,MENTOR TECHNICAL GROUP,MENTOR TECHNICAL GROUP CORP.,x,
55910-111,Delta Packaging Co,DELTA PACKAGING CO. INC.,x,
314673-111,Unlimited Diesel Supply,"UNLIMITED DIESEL SUPPLY, CORP.",x,
3688-1531,"EL DIA , INC./GFR Media LLC","GFR MEDIA, LLC",x,
96264-111,Rosa Aluminum Manufacturing INC,ROSA ALUMINUM MANUFACTURING CORPORATION,x,
110227-111,MASTER PAINTS & CHEMICAL CORP.,MASTER PAINTS & CHEMICAL CORPORATION,x,
110227-111,"Master Paints & Chemicals, Corp.",MASTER PAINTS & CHEMICAL CORPORATION,x,
102542-111,Holsum de Puerto Rico Inc.,"HOLSUM DE PUERTO RICO, INC .",x,
102542-111,"HOLSUM DE PUERTO RICO, INC.","HOLSUM DE PUERTO RICO, INC .",x,
16902-111,Tropicolor Manufacturing,"TROPICOLOR MANUFACTURING COMPANY, INC.",x,
92023-111,GRAPHIC PRINT & DESIGN CORP.,GRAPHIC PRINT & DESIGN CORPORATION,x,
132932-111,"JCS WORLDWIDE PROCESSING SYSTEMS, INC.","JCS WORLWIDE PROCESSING SYSTEMS, INC.",x,
79050-111,Springs for Bedding Mfg. Corp.,"CARIVAN SPRING BEDDING, INC.",,x
128094-111,CLASSIC INDUSTRIES OF PUERTO RICO,"CLASSIC INDUSTRIES OF PUERTO RICO, INC.",x,
90905-111,FMC Distributors Inc.,"FMC DISTRIBUTORS,INC.",x,
171542-1011,MJ Prisma Inc.,"MJ PRISMA, CORP.",x,
11989-112,"LINDE GAS PUERTO RICO, INC.",LINDE PUERTO RICO B.V.,,x
163019-111,CORANGE INTERNATIONAL LIMITED D/B/A ROCHE DIAGNOSTICS PUERTO RICO,AED PUERTO RICO INC.,,x
163019-111,PUERTO RICO TELEPHONE COMPANY D/B/A CLARO,AED PUERTO RICO INC.,,x
163019-111,I A M OF PUERTO RICO INC.,AED PUERTO RICO INC.,,x
2389-1531,"MULTICULTURAL CAPITAL, LLC","MULTICULTURAL CAPITAL , LLC",x,
118320-111,"HI - TECH PROSTHETIC, INC.",HI-TECH PROSTHETIC INC.,x,
93531-111,MAGNA MANUFACTURING,"MAGNA MANUFACTURING, INC.",x,
177521-111,"CLAIMS SOFTWARE DEVELOPMENT, INC",CLAIMS SOFTWARE DEVELOPMENT CORP.,x,
188644-111,Harris Paint corp,PAINTING BY HARRY'S INC.,x,
2519-112,BAXTER HEALTHCARE S.A,BAXTER HEALTHCARE CORPORATION,x,
62590-111,Gabinetes Rodríguez,"GABINETES RODRIGUEZ, INC.",x,
7972-112,MICROSOFT PUERTO RICO,"MICROSOFT PUERTO RICO,  INC",x,
83888-111,Caribbean Sign Supplies,"CARIBBEAN SIGN SUPPLY, INC.",x,
109-1532,TELEVICENTRO DE PUERTO RICO LLC,"TELEVICENTRO OF PUERTO RICO, LLC",x,
13185-112,RCM Technologies USA Inc.,"RCM TECHNOLOGIES, INC.",x,
154347-111,PRODUCTION ADVISORY SERVICES OF PUERTO RICO,"PRODUCTION ADVISORY SERVICES OF PUERTO RICO, INC.",x,
123463-111,PF Palos Export Inc.,"P.F.PALOS EXPORT, INC.",x,
363747-111,"Pharma Software Development, Inc. ",PHARMA SOFTWARE DEVELOPMENT LLC,x,
4446-111,ALC Industrial Development Corp,ALC INDUSTRIAL DEVELOPMENTS LLC,x,
28082-111,"JACK PACKAGING, INC.",JACK PACKAGING CORP.,x,
138093-111,"R&V Aluminum Mfg, Inc.","R. & V. ALUMINUM MFG, INC.",x,
138093-111,"R.V. ALUMINUM, MFG., INC.","R. & V. ALUMINUM MFG, INC.",x,
105572-111,"Andamio productions/ARCO PUBLICIDAD, CORP.",ARCO PUBLICIDAD LLC,x,
63272-111,Tradewind Foods Corporation,"TRADEWIND FOODS, INC.",x,
58715-111,"Carolina Catering Corp, Airport Catering Services, Inc.",AIRPORT CATERING SERVICES CORPORATION,x,
100181-111,PATHEON P.R. INC. (FORMERLY KNOWN AS MOVA PHARMACEUTICAL) / CEPH INTERNATIONAL CORP.,CEPH INTERNATIONAL CORPORATION,x,
303079-1011,Destileria Cruz Corp.,DESTILERIA CRUZ CORPORATION,x,
111953-111,KARLA FURNITURE MANUFACTURING INC,KARLA FURNITURE MFG. INC.,x,
111953-111,"Karla Furniture Manufacturing, Inc.",KARLA FURNITURE MFG. INC.,x,
105950-111,"CCL INSERTCO DE PUERTO RICO, INC.",CCL OF PUERTO RICO INC,x,
2298-1531,BLACKPOINT MANAGEMENT LLC,BLACKPOINT MANAGEMENT  LLC,x,
34838-111,NUTRI CARIBE IN / CORTÉS HERMANOS LLC,"NUTRI-CARIBE, INC.",x,
198009-111,NEODECK HOLDINGS CORP,NEODECK HOLDINGS LLC,x,
59195-111,Puerto Rico Freight Systems Inc.,"PUERTO RICO FREIGHT SYSTEM, INC.",x,
136954-111,ACRECENT FINANCIAL CORPORATION,ACRECENT FINANCIAL LLC,x,
135504-111,INTERNET VISION DEVELOPMENT CORP,"INTERNET VISION DEVELOPMENT (INVID),CORP.",x,
1745-111,EDWIN D. MARTINEZ MELENDEZ Y ESPOSA MARIA ELENA TORRES BRULL,"BRULL & CO., INC.",x,
114039-111,Jostra Bentley,"JOSTRA, INC.",x,
76984-111,"PRINTECH,IINC.","PRINTECH, INC.",x,
383525-113,Biogen SAS / Bioapi SAS,BIOAPI S.A.S.,x,
34438-111,"EDELCAR,INC.","EDELCAR, INC.",x,
10211-112,"PERFECSEAL INTERNATIONAL DE PUERTO RICO, INC.","PERFECSEAL, INC.",x,
145077-111,"Indexa, Inc.
","INDEXA, INC.",x,
24-1532,Legacy Pharmaceuticals Puerto Rico,"LEGACY PHARMACEUTICALS PUERTO RICO, LLC",x,
11619-111,Ponce Can Company,"OLD CANNING COMPANY, INC.",,x
10049-112,LAMBDA OPERATIONS CORPORATION,LAMBDA OPERATIONS CORP,x,
9724-112,CENTENNIAL WIRELESS PCS OPERATIONS CORP,"WIRELESS PCS, INC.",x,
102198-111,Puerto Rico Telephone Company DBA Claro,"PUERTO RICO TELEPHONE COMPANY, INC.",x,
91338-111,"TURABO INDUSTRIAL PARK, INC.",TURABO INDUSTRIAL PARK LLC,x,
91338-111,Turabo Industrial Park Inc.,TURABO INDUSTRIAL PARK LLC,x,
7243-112,Bemis Healthcare Packaging de Puerto Rico Inc,"AMCOR HEALTHCARE PACKAGING DE PUERTO RICO, INC.",,x
45886-111,Specialty Paper Bag Corp,"SPECIALTY PAPER BAG CORPORATION OF PUERTO RICO, INC.",x,
464425-111,Martin Rodríguez Carrasquillo,RODRIGUEZ & CARRASQUILLO INC.,x,
15884-121,Fideicomiso Hernández Castrodad,"FUNDACION HERNANDEZ CASTRODAD, INC.",x,
15884-121,Fideicomiso Hernandez Castrodad,"FUNDACION HERNANDEZ CASTRODAD, INC.",x,
53936-111,"Alfa Recording,Inc","ALFA RECORDINGS, INC.",x,
32388-121,"Ramón B. Rodríguez, Hilda M. Rodríguez e Inés M. Rodríguez Morales","HILDA GARAY MORALES, INC",,x
491430-1511,"TNT LOGISTICS PUERTO RICO, INC.",TNT LOGISTICS LLC,x,
135729-1011,BERGERAC INVESTMENT CORP.,BERGERAC INVESTMENTS CORPORATION,x,
33555-111,Protecto Manufacturing Corp,PROTECTO MANUFACTURING CORPORATION,x,
33555-111,"Protecto Manufacturing, Corp.",PROTECTO MANUFACTURING CORPORATION,x,
93437-111,Aluminum & Metal Services Corp.,ALUMINUM AND METAL SERVICES CORP.,x,
286-811,Subtechnologies of Puerto Rico,SUBTECHNOLOGIES PUERTO RICO LLP,x,
147448-111,Advanced Drainage Systems of PR Inc.,ADVANCED DRAINAGE SYSTEMS OF PUERTO RICO LLC,x,
334489-1011,Víctor Manuel García Pérez,"VICTOR PEREZ,  INC.",x,
334489-1011,Victor M Garcia Pérez,"VICTOR PEREZ,  INC.",x,
2219-1531,"JSS INVESTMENT, LLC","JSS INVESTMENTS, LLC",x,
6566-112,"WALLACE INTERNATIONAL DE PUERTO RICO, INC.",WALLACE INTERNATIONAL DE P.R. INC.,x,
47272-111,"ENERGY SOLAR PRODUCTS , INC","ENERGY SOLAR PRODUCTS, INC.",x,
95423-111,BLUE OCEAN TRADING CO INC,"BLUE OCEAN TRADING, CORP.",x,
95423-111,BLUE OCEAN TRADING .,"BLUE OCEAN TRADING, CORP.",x,
78226-111,Edwin Cotto Rodríguez,"EDWIN RODRIGUEZ & CO., INC.",x,
67069-111,"General Decor Manufacturing, Corp.",GENERAL DECOR MANUFACTURING CORPORATION,x,
10909-112,Amgen Manufacfturing Limited,"AMGEN MANUFACTURING, LIMITED",x,
167605-111,ABB WATER METERS,"ADVANCE WATER METERS, INC.",x,
106290-111,G&G Windows and Doors ,"H R DOORS AND WINDOWS, INC.",,x
373586-1511,Tower Acquisition Group LLC /Tower Properties Group LLC,TOWER ACQUISITION GROUP LLC,x,
113060-111,Cardinal Health PR 218 Inc,"CARDINAL HEALTH  P.R. 218, INC.",x,
34297-111,LANCO MANUFACTURING CORP ,LANCO MANUFACTURING CORPORATION,x,
374650-111,RTO Corporation,RTO  CORPORATION,x,
90564-111,International Equipment Logistics,"INTERNATIONAL EQUIPMENT LOGISTICS, INC.",x,
90564-111,"INTERNATIONAL EQUIPMENT LOGISTIC, INC","INTERNATIONAL EQUIPMENT LOGISTICS, INC.",x,
143378-1011,BELLA EXPORT CORPOR.,BELLA EXPORT CORPORATION,x,
7249-112,Curtis Instruments,"CURTIS INSTRUMENTS (PUERTO RICO), INC.",x,
136389-111,Gasco Industrial Inc. ,GASCO INDUSTRIAL CORP.,x,
127588-1011,"Intergration Technologies, corp.",DIVERSIFIED TECHNOLOGIES INTERGRATORS INC.,,x
39356-111,Pretensados de Puerto RicoInc.,"PRETENSADOS DE P.R., INC.",x,
39356-111,"PRETENSADOS DE PUERTO RICO, INC.","PRETENSADOS DE P.R., INC.",x,
52728-111,Flexo Rico Inc.,"FLEXO-RICO, INC.",x,
6925-112,NORTH AMERICA PACKAGING OF P.R. INC.,"NORTH AMERICA PACKAGING OF PUERTO RICO, INC",x,
420511-1511,"EGEA INC., D/B/A TROPICAL VENDORS",TROPICAL VENDORS LLC,x,
87874-111,Pharmacia & Upjhon Caribe Inc.,PHARMACIA & UPJOHN CARIBE INC.,x,
151299-111,Crow Beverage Packaging PR Inc.,"CROWN BEVERAGE PACKAGING,  INC.",x,
5001-112,AVNET DE PUERTO RICO INC,"AVNET, INC.",x,
7156-112,Mylan LLC,"MYLAN, INC.",x,
39150-111,"MEDISEARCH PR, INC.","MEDISEARCH P R, INC.",x,
164379-111,Aureo Incorporado,"AUREO, INC.",x,
129442-111,WEAR TECH INC,"WEAR - TECH, INC.",x,
339173-1511,Soltek Puerto Rico,SOLTEK PUERTO RICO LLC,x,
122984-111,"San Mar Manufacturing, Corp.","SAN MAR MANUFACTURING,CORP.",x,
4032-112,SAFETY KLEEN ENVIRONSYSTEMS COMPANY OF PR,"SAFETY-KLEEN ENVIROSYSTEMS COMPANY OF PUERTO RICO, INC.",x,
77278-111,MGM Optical Laboratory Inc.,"M. G. M. OPTICAL LABORATORY, INC.",x,
77278-111,"MGM Optical Laboratory, Inc.","M. G. M. OPTICAL LABORATORY, INC.",x,
131905-111,"RPS MEDICAL SERVICES, CORP.",RPS MEDICAL SERVICE CORP.,x,
10344-112,"DUPONT AGRICULTURAL CARIBE INDUSTRIES, LTD / DUPONT ELECTRONIC MICROPCIRCUITS INDUSTRIES, LTD. (DEMI) ","FMC AGRICULTURAL CARIBE INDUSTRIES, LTD.",,x
517050-111,Super Discount Drugs,3 B SUPER DISCOUNT INC.,,x
71853-111,Le Natural Inc./Vista Grande,"LE-NATURAL, INC.",x,
182314-1011,"PR EXHIBITS MANUFACTURIG COMPANY, INC.",PR EXHIBITS MANUFACTURING COMPANY INC.,x,
101493-111,César Castillo Inc.,INVERSIONES CESAR CASTILLO INC.,x,
101493-111,"CESAR CASTILLO, INC.",INVERSIONES CESAR CASTILLO INC.,x,
137320-111,"PLAZA PROFESSIONAL CENTER , INC.","PLAZA PROFESSIONAL CENTER, INC.",x,
167356-111,ADRIAN SANTIAGO ROSADO Y ADA MALDONADO VEGA,"B. SANTIAGO MALDONADO , INC.",,x
167356-111,Carlos A. Olivo & Gladys Santiago Maldonado,"B. SANTIAGO MALDONADO , INC.",,x
82419-111,OSRAM Sylvana Puerto Rico Corp,OSRAM SYLVANIA PUERTO RICO CORP.,x,
138088-111,Internal Business Computer,"INTERNATIONAL BUSINESS COMPUTERS, INC.",x,
103603-111,"ADVANCE MED GROUP, INC.","ADVANCED MED GROUP, INC.",x,
11105-112,The Clorox Company of PR,CLOROX COMMERCIAL COMPANY,x,
425387-1511,Puerto Rico Medical Research Center ,PUERTO RICO MEDICAL RESEARCH CENTER LLC,x,
168434-111,MIGUEL A. ROSA CRESPO / EVA NYDIA NIEVES QUIÑONES,MIGUEL ROSA INC.,x,
136671-111,BANTEC (PUERTO RICO) INC,"BANTEC, INC. DE PUERTO RICO",x,
6228-112,Altama Delta (PR) Corp,ALTAMA DELTA (PUERTO RICO) CORPORATION,x,
13629-111,Metropolitan Marble,METROPOLITAN MARBLE CORP.,x,
70755-111,ELECTRICAL DISTRIBUTORS & MANUFACTURING CORP.,ELECTRICAL DISTRIBUTORS & MANUFACTURERS CORP.,x,
122632-111,"Puerto Rico Warehousing Management, Corp.",PUERTO RICO WAREHOUSING MANAGEMENT CORPORATION,x,
142275-111,"UNIVERSAL CHEMICALS PRODUCTS, INC.","UNIVERSAL CHEMICALS PRODUCTS, CORP.",x,
72481-111,Alberto Cossio Soto,"ALBERTO SOTO ALBERTI, INC.",,x
72481-111,ALBERTO L. COSSIO SOTO,"ALBERTO SOTO ALBERTI, INC.",,x
336285-121,"APPLETREE ANSWERING SERVICES PUERTO RICO, INC.",PUERTO RICO IS THE ANSWER  INC.,,x
70128-111,Luis G Abraham Castro,"FRANCISCO LUIS ABRAHAM, INC.",,x
86622-111,ALBRETO L. COSSIO SOTO,"COSSIO, INC.",x,
372255-111,Foam Pack of PR inc.,OFS INC.,,x
372255-111,Foam Pack of PR Inc.,OFS INC.,,x
372255-111,Mutchler of Puerto Rico,OFS INC.,,x
10252-111,"V'SOSKE, INC.","V' SOSKE, INC.",x,
372255-111,ER Rule Company of PR Inc.,OFS INC.,,x
372255-111,Waste Equipment of PR Inc.,OFS INC.,,x
372255-111,Textile Fibers of PR Inc.,OFS INC.,,x
372255-111,BORINQUEN CONES OF PR INC,OFS INC.,,x
372255-111,"Avant technologies of PR Inc,.",OFS INC.,,x
372255-111,"ENVIRONMENTAL POWER OF PUERTO RICO, INC.",OFS INC.,,x
372255-111,"Mutchler of Puerto Rico, Inc.",OFS INC.,,x
372255-111,"Avant Technologies of PR, Inc.",OFS INC.,,x
372255-111,SIGNS MNUFACTURERS OF PUERTO RICO INC.,OFS INC.,,x
372255-111,"R&H Products of PR, Inc.",OFS INC.,,x
372255-111,Teygrant Allyd Brands Of PR Inc.,OFS INC.,,x
372255-111,Green Pack of PR Inc.,OFS INC.,,x
145175-111,LUTRON S.M INC,LUTRON S.M.  INC.,x,
372255-111,"Xerox Business Solutions of Puerto Rico, Inc.",OFS INC.,,x
372255-111,Industrial C&C of PR LLC,OFS INC.,,x
372255-111,"MP ENGINEERS OF PUERTO RICO, P.S.C.",OFS INC.,,x
372255-111,Tril Export Corp of PR,OFS INC.,,x
15023-112,R&C Technology Inc.,"CS TECHNOLOGY, INC.",,x
159062-111,PROFESSIONAL RECYCLING & MANUFACTURING CORP,PROFESSIONAL RECYCLING & MANUFACTURING CORPORATION,x,
2813-121,Puerto Rico Apparel Manufacturing PRAMACORP,"APPAREL MANUFACTURERS ASSOCIATION OF PUERTO RICO, INC.",x,
66728-111,Mova Pharmaceutical Corporation,MOVA CORPORATION,x,
826-1531,"Giomas Importadores América, LLC","GOMAS IMPORTADORES AMERICA, L.L.C.",x,
316020-111,"Criolite, Corp.","CRIOLITE , CORP.",x,
179884-111,"Axon Puerto Rico, Inc / CSC PUERTO RICO LLC","CSC PUERTO RICO, LLC",x,
53894-111,INDUSTRIAL CHEMICALS CORP AND PUERTO RICO ALUM CORP,"THERM ALUM INDUSTRIES, INC.",,x
42107-121,Alberto S. Bartolomei Vázquez,"CARLOS ALBERTO VAZQUEZ, INC.",,x
177482-111,RAMON BENIGNO RODRIGUEZ ROSADO,"RODRIGUEZ ROSADO, INC.",x,
75666-111,OPTI MANUFACTURING,OPTI MANUFACTURING CORPORATION,x,
133304-111,Pac Tech Inc.,"PAC-TECH INTERNATIONAL, INC.",x,
107338-111,"FELICIANO ALUMINUM WORKS, INC.",INDUSTRIAS FELICIANO ALUMINUM INC,x,
112499-111,Caribbean Assurance Services,"CARIBBEAN ASSURANCE SERVICES, INC.",x,
437795-111,Miguel A Cedeño Rodríguez y Edelica Ríos,CEDEÑO & RODRIGUEZ CORP.,x,
65920-111,AMN BUSINESS FORMS ,"BEST BUSINESS FORMS, INC.",x,
304574-111,Santos J Hernández Avilés d/b/a La Villa Metal,"LA VILLA METAL, INC.",x,
461637-113,"A & R ENVIRONMENTAL TECHNOLOGIES, INC.",RS TECHNOLOGIES INC.,,x
77098-111,CAROLINA CATERING CORP d/b/a Sky Caterers,CAROLINA CATERING CORP.,x,
125049-111,"Nagnoi, Inc.","NAGNOI 2002, INC.",x,
38398-111,"CARIBBEAN BOTTLING, CORP.","CARIBBEAN BOTTLES, INC.",x,
117626-111,Ceva Logistic PR Inc.,"CEVA LOGISTICS PUERTO RICO, INC.",x,
194631-111,"R&D MASTER ENTERPRISES, INC.","DS ENTERPRISES, INC.",,x
70064-111,Atlantic Pipe Corp,ATLANTIC PIPE CORPORATION,x,
133091-111,Al Euro Corp,AL-EURO CORP.,x,
56454-121,Rocket Education Contact LLC,CONTACT EDUCATION LEARNING INC.,,x
54750-111,PRODUCTOS DE CANTERA,"PRODUCTOS DE CANTERA, LLC",x,
110995-111,ENRIQUE CORTES FLORES & IVETTE TORRES NEGRON,"TORRES & FLORES, INC.",,x
385400-1011,Luis Angel Pérez Matos,ANGEL LUIS PEREZ TRANSLATION SERVICES INC.,,x
36793-111,WESTERN AVIATION SERVICES CORP,WESTERN AVIATION SERVICE CORPORATION,x,
2629-112,VASSALLO RESEARCH AND DEVELOPMENT CORPORATION,LOS ANDES DEVELOPMENTS CORPORATION,,x
32238-111,EURO CARIBE PACKAGING COMPANY INC ,"EURO-CARIBE PACKING COMPANY, INC.",x,
373545-121,JAVIER BENITEZ CARRASQUILLO,COMITE AMIGOS JAVIER CARRASQUILLO  INC.,,x
373545-121,Javier Benitez Carrasquillo,COMITE AMIGOS JAVIER CARRASQUILLO  INC.,,x
9816-112,Novartis SEES Inc,NOVARTIS LTD.,x,
179060-111,"THOMAS & BETTS CARIBE, INC.","'D R BETTS, INC.",,x
392108-111,"Draft FCB PR Inc,",FCB INC.,x,
127273-111,Alberto Haber Flores d/b/a Aceres Machine Shop,"ACERE, INC.",x,
61831-111,"CARIBBEAN PETROLEUM CORPORATION/ CARIBBEAN PETROLEUM REFINING, LP",CARECO CARIBBEAN REFINING CORPORATION,,x
160030-111,"MICROBIOLOGICAL MEDIA MFG., CO.","MICROBIOLOGICAL MEDIA MANUFACTURING COMPANY, INC.",x,
102887-111,Cortelco Systems PR Inc.,"CORTELCO SYSTEMS PUERTO RICO, INC.",x,
97542-111,Multiventas y Servicios PR Inc.,"MULTIVENTAS Y SERVICIOS DE PONCE, INC.",x,
68553-111,Hi Tech Brake Manufacturing Co Inc,"HI-TEC BRAKE MANUFACTURING CO., INC.",x,
126259-111,Rama Logistic Corp,RAMA LOGISTIC CORPORATION,x,
151091-1011,Energy & Power Engineering Serv,"ENERGY & POWER ENGINEERING SERVICES, INC.",x,
67043-111,Steel Services and Supplies Inc.,"STEEL SERVICES & SUPPLIES, INC.",x,
10192-111,Luis Garcia Robaina,LUIS R. GARCIA INC.,,x
151897-111,Inversiones del Caribe,INVERSIONES DEL CARIBE INC.,x,
35160-111,National Ceramics Corp,NATIONAL CERAMICS CORPORATION,x,
109188-111,Jorge Luis Medina Ramirez,"JORGE MEDINA DISTRIBUTORS, INC.",x,
128237-1011,Sweet Valley Inc.,SWEET VALLEY STORE INC.,x,
9087-111,Casco Sales Company,"CASCO SALES AGENCY, INC.",x,
68410-111,OFW Mobelfabrik Inc.,"OFW, INC.",x,
14384-111,"Linde Gas PR Inc,","J.A. LIND, INC.",,x
347352-112,"3A PRESS, CORP","AED, INC.",,x
347352-112,Reich Color Corp d/b/a caribe Ink,"AED, INC.",,x
347352-112,"L.G.A., INC.","AED, INC.",,x
347352-112,ROLAND CORDERO PEÑA D/B/A ARENAS DEL OESTE,"AED, INC.",,x
347352-112,Rafael A Caraballo,"AED, INC.",,x
347352-112,Carlos A Olivo Maldonado,"AED, INC.",,x
347352-112,PEDRO A. ARVESU LOPEZ,"AED, INC.",,x
347352-112,INTERNATIONAL SCIENTIFIC-A INC,"AED, INC.",,x
347352-112,A.N.A. PACKAGING CO INC.,"AED, INC.",,x
347352-112,Carlos A Casellas,"AED, INC.",,x
100867-111,Caribbean Engineering & Technologies Inc.,"CARIBBEAN ENGINEERING AND TECHNOLOGIES, INC.",x,
353483-111,CUSTOM MANUFACTURING CORP.,CUSTOM MANUFACTURING  CORP.,x,
460913-1511,National Label Co PR,"COS-PR, LLC",,x
162798-111,PR LABELS AND MORE INC,PR LABELS & MORE INC.,x,
104887-111,"RMG PROPERTIES, CORP.",RMG PROPERTIES CORPORATION,x,
104887-111,RMG Properties Corp,RMG PROPERTIES CORPORATION,x,
79588-111,"CLINICAL RESEARCH PR,INC.","CLINICAL RESEARCH P.R., INC.",x,
133165-111,MICRON Technology PR Inc.,"MICRON TECHNOLOGY PUERTO RICO, INC.",x,
132472-1011,"WIRELESS IDEA MANAGEMENT GROUP, INC.",WIRELESS IDEA CORPORATION,x,
183838-111,IS Technology de Puerto Rico,IQVIA IES PUERTO RICO INC.,,x
11265-111,"ROVIRA FOODS, INC",ROVIRA FOODS INCORPORATED,x,
62307-111,"L.S. QUILTING, INC.","L & S QUILTING, INC.",x,
324362-111,ELIZABETH GLORIA Y MARGARET ROBINSON GUARCH ,"MARGARET'S, INC.",,x
5374-111,"PUERTO RICO WORLD TREATING INDUSTRIES, INC.","WOOD TREATING INDUSTRIES,INC.",x,
355301-1511,"OUTSOURCING SOLUTIONS, INC.",R & W OUTSOURCING SOLUTIONS  L.L.C.,,x
395806-111,"Outsourcing Solutions, Inc.",OUTSOURCING SOLUTION INC.,x,
431528-711,HECTOR M. VEGA MORERA,DR. HECTOR VEGA VEGA P.S.C.,,x
15571-112,"ABBOTT HEALTHCARE PR, LTD",ABBOTT HEALTHCARE (PUERTO RICO) LTD.,x,
62188-111,Hon-Made Furniture Mfg,D & V FURNITURE MFG. CORP.,,x
64485-111,Best Quality Top Mfg,BEST QUALITY TOP M.F.G. INC.,x,
433388-111,Mova Pharmaceutical Corp,MOVA CORP.,x,
130183-111,MRP Sales and MFG Inc.,M.R.P. SALES & MFG INC.,x,
174234-111,DSS LLC,DSS INC.,x,
319644-111,SHELL CHEMICAL YABUCOA/Buckeye Partners,"J & B BUCKEYES, INC.",,x
49713-111,UNIVERSAL CONTAINER CORP,UNIVERSAL CONTAINER CORPORATION,x,
88496-111,NET PRO INC,"PRO NET, INC.",x,
162428-111,ENGINEERING PRECAST CORPORATION,ENGINEERING PRECAST CORP.,x,
26229-111,Carlos Rodríguez d/b/d Tropical Products,CARLOS J. RODRIGUEZ,x,
321117-1011,JA Maldonado Associates,"JAS & ASSOCIATES, INC.",,x
122984-111,San Mar Manufacturing,"SAN MAR MANUFACTURING,CORP.",x,
65119-111,Structural Steel Mfg,"STRUCTURAL STEEL MANUFACTURING, INC.",x,
204089-111,DIAL MANAGEMENT CORPORATION,DIAL MANAGEMENT CORP.,x,
8095-112,"LENSCRAFTERS INTENATIONAL, INC. PUERTO RICO","LENSCRAFTERS INTERNATIONAL, INC.",x,
46469-111,Plastex Corporation,PLASTEX COORPORATION,x,
98076-111,Sager Corp,SAGER CORPORATION,x,
79090-111,Sylar Corp,SYLAR CORPORATION,x,
133337-111,KALICO CORPORATION,KALICO CORP.,x,
64548-111,Rexam Specialty,REXAM CORP.,x,
103690-111,Ecolift Corp,ECOLIFT CORPORATION,x,
26062-111,ALUMASTER CORPORATION,ALUMASTER CORP.,x,
55036-111,"TOPERBEE, INC.",TOPERBEE CORPORATION,x,
174875-111,"CARAPEVA, INC.(CENTRAL INDUSTRIAL SERVICES, INC.)",CARAPEVA LLC,x,
184-711,ERTEC-PSC INC,ERTEC LLC,x,
85944-111,"PRSOFT, INC.","PRSOFT, LLC",x,
38577-111,CHRISTIAN GUEX MOREL,"GUEX TOOLING, INC.",x,
62628-111,VICENTE SANCHEZ BARBEITO,"IVAN BARBEITO, INC.",,x
143373-111,"INTELUTIONS, INC.",INTELUTIONS LLC,x,
104281-111,Robric Corporation,"ROBRIC, CORP.",x,
137274-111,GARCINOX CORPORATION ,"GARCINOX, CORP.",x,
305655-111,Procesadora Campofresco,"CAMPOFRESCO, CORP.",x,
174875-111,"Carapeva, Inc.",CARAPEVA LLC,x,
22443-111,"INDUSTRIAL RUBBER & MECHANICS, INC","TRISTANI RUBBER INDUSTRIES, INC.",,x
115823-111,INTEGRATED WASTE MANEGEMENT INC,INTEGRATED NETWORK COMMUNICATION SERVICES (INCS) INC.,,x
96791-111,SANTIAGO METAL MFG. CORP,"ACV METAL MFG., CORP.",,x
6740-111,Industrias Vasallo Inc.,"VASALLO, INC.",x,
345320-111,"INFOTECH AEROSPACE SERVICES, INC.",INFOTECH  INC.,,x
126408-111,"R & G UNIVERSAL ALUMINUM, INC.",RS UNIVERSAL CONSTRUCTION INC.,,x
412559-1511,"DP PROPERTIES/POWER PARTS, INC.",DP PROPERTIES LLC,x,
4792-111,Santiago Metal MFG,BEAUTIFUL METALS MFG. INC.,,x
1468-1532,Excelerate Energy LP,"EXCELERATE ENERGY PUERTO RICO, LLC",x,
343371-111,J&G MANAGEMENT CORP,JS MANAGEMENT  CORP.,,x
198133-1011,ADRIAN SANTIAGO ROSADO,"ANGEL ROSADO SANTIAGO, INC.",,x
124442-111,Juan López Rosado,LOPEZ & ROSADO CORP.,,x
92349-111,Nazareno Enterprise Services,NAZARENO ENTERPRISES AND SERVICES LLC,x,
53289-111,"ENGINEERED PARTS & SERVICES, INC.","ENGINEERED PARTS AND SERVICES, INC.",x,
1760-112,TEXACO INDUSTRIES INC,TEXACO PETROLEUM INDUSTRIES INC.,x,
344561-1511,MARXUACH AND LONGO INC,MARXUACH L.L.C.,x,
78848-111,NEPTUNO MEDIA INC,"NEPTUNO, INC.",x,
553-1532,Meadwestvaco healthcare,"MEADWESTVACO HEALTHCARE PACKAGING PUERTO RICO, LLC",x,
502034-1511,Puerto Rico Industrial Commercial Hodling LLC,PUERTO RICO COMMERCIAL & INDUSTRIAL ENTERPRISE LLC,x,
197530-1011,The Cake Factor and Store Inc,THE CAKE FACTORY AND STORE INC.,x,
121677-111,DAR International Ser Inc,"DAR INTERNATIONAL SERVICES, INC.",x,
121677-111,DAR INTERNATIONAL,"DAR INTERNATIONAL SERVICES, INC.",x,
82832-111,Fast Steel Corp,"FAST STEEL, CORPORATION",x,
451142-111,Anastacio Padilla Vales,VALE VALE BY VALE INC.,,x
415069-1511,"Mursy's, Aluminium LLC",MURSY'S ALUMINUM LLC,x,
91414-111,"ORTIZ KITCHEN MFG., INC.","ORTIZ KITCHEN MANUFACTURING, INC.",x,
72115-111,"QUALITY MEATS,CORP","QUALITY MEAT DISTRIBUTORS, CORP.",x,
44855-111,FOOD PROCESSING CORPORATION,INTERNATIONAL FOOD PROCESSING CORPORATION,x,
142026-1011,Alcan Packaging PR Inc.,"PR PACKAGING, INC.",x,
92616-111,Madelux Int,"MADELUX INTERNATIONAL, INC.",x,
115704-111,E-NABLER CORP.,E-NABLER CORPORATION,x,
115704-111,E-Nabler Corp,E-NABLER CORPORATION,x,
72077-111,"MICROJURIS.COM, INC",MICROJURIS. COM INCORPORATED,x,
35855-111,Visual Impresions,P.F. IMPRESION CORP.,,x
194702-1011,QTS Power Systems Inc.,QT CHILING INC.,,x
40372-111,Caribe general Electric,"GENERAL ELECTRIC DEL CARIBE, INC.",x,
156518-111,NAPA Realty Corp y FAM Services,"YS METRO SERVICE, INC.",,x
182302-1011,"E-CYCLING PUERTO RICO , INC","E-CYCLING PUERTO RICO, INC.",x,
11549-111,"CARVAJAL EDUCACION, INC. (ANTES DISTRIBUIDORA NORMA, INC.)","F. CARVAJAL, INC.",x,
77432-111,Quality Noya Food  International,"INTERNATIONAL HOUSE OF QUALITY FOOD, INC.",,x
21152-111,Sucesión Juan E hernández,"JUAN E. HERNANDEZ, INC.",x,
100483-111,Validation & Engineering,"VALIDATION & ENGINEERING GROUP, INC.",x,
53411-111,Francisco García,"FRANCISCO GARCIA REYES, INC.",,x
53411-111,FRANCISCO GARCIA ALONSO,"FRANCISCO GARCIA REYES, INC.",,x
147533-1011,Margaro Rivera h/n/c Jumika Fabric,VICTOR RIVERA FABRIC INC.,,x
28446-111,"U.S.S.C. PUERTO RICO INC (ANTES DAVIS & GECK, LIMITED)","DAVIS CONSULTING OF PUERTO RICO, INC.",,x
6388-112,Congar Int Corp,CONGAR INTERNATIONAL CORP.,x,
322254-111,Mayra Y Rivera González ,"GONZALEZ RIVERA, INC.",,x
124670-111,P & L CORPORATION,PS4 CORPORATION,,x
36216-111,"INTEGRA NEUROSCIENCES PR, INC.","NEUROSCIENCES, INC.",x,
59164-111,ENVIRONMENTAL MANAGEMENT SERVICES CORP,"ENVIRONMENTAL MANAGEMENT SERVICES, INC.",x,
179317-111,Century Trading Corporation,CENTURY TRADING CORP.,x,
441214-111,HP International Trading BV,HP INTERNATIONAL FOOD  INC.,,x
6805-112,General Fashion Corp,GENERAL FASHIONS CORP.,x,
51639-111,American Paper Corporation,AMERICAN PAPER CORP.,x,
102397-111,"ICI PAINTS (PR), INC","ICI, INC.",x,
36837-111,R & R Electric Motor Corp.,E.M. ELECTRIC MOTORS CORP.,,x
128325-111,GUAYNABO RECYCLING CORPORATION,GUAYNABO RECYCLING CORP.,x,
88696-111,Or-Pro Mediacl Industrial Lab Inc.,"PRO-LAB, INC.",,x
61745-111,PJ Gaffers and Flms Inc.,"BORINQUEN GAFFERS, INC.",,x
557-112,Bacardi Caribbean Corp,BACARDI CORPORATION,x,
388935-1511,"ECOELÉCTRICA, LP",ECOELECTRICA LLC,x,
160851-111,SOLERA CARIBE INC,"SOLERAS INDUSTRIAL, INC.",x,
65040-111,Ecolab Mfg,"ECOLAB MANUFACTURING, INC.",x,
184714-111,Hershey PR,"HERSHEY CARIBE, INC.",x,
388935-1511,Ecoelectrica,ECOELECTRICA LLC,x,
37166-111,Optivon Inc,OPTIVON LLC,x,
4976-111,"Elmendorf Colors, Inc.","ELMENDORF GRAFICA, INC.",x,
74727-111,Kitchens and More Inc.,"MORELY'S DISTRIBUTORS, INC.",,x
135796-111,S&M LLD,LLD MARKETING INC.,,x
45813-111,Ultra Pure Systems Inc.,"PURE WATER SYSTEMS OF P.R., INC.",,x
522678-1511,"AOP FINANCIAL SERVICES, LLC",AOP CREDIT LLC,,x
36380-111,"POWER POLES, INC.",BEST POLES INC.,,x
99970-111,"CUSTOMED, INC. / HOSPITAL SUPPLY, INC.","J.C. HOSPITAL SUPPLY, INC.",,x
32215-111,FE-RI CONSTRUCTION INC,RIED CONSTRUCTIONS CORP.,,x
188889-111,HORIZON MANAGEMENT CORPORATION,"NEW HORIZON MANAGEMENT, INC.",x,
49815-111,PUERTO RICO LABELS ,"GENERAL LABELS OF PUERTO RICO, INC.",x,
207485-111,Isaac Nieves Rios,UNIQUE ACADEMY BY ISAAC NIEVES CORP.,x,
67659-111,AT&T MOBILITY PUERTO RICO INC,"MOBILITY OF PUERTO RICO, INC.",x,
198553-111,Total Petroleum Puerto Rico Corp,"TOTAL PETROLEUM DE DORADO,CORP.",x,
6884-112,VF Aluminium Corp,"VF, INC.",x,
524533-1511,"AAG Recycling, Inc.",AAG LLC,x,
49333-111,"RIMCO, INC.",RIMCO LLC,x,
132322-111,Rimco Inc.,"RIMCO CARIBBEAN, INC.",x,
10413-112,Henkel PR Inc.,"HENKELS AND MCCOY, INC.",x,
140718-111,Sampol PR LLC,"FREDDY SAMPOLL, INC.",x,
183979-1011,Plaza Profesional Center Inc,PROFESIONAL PLAZA DORADO 277 INC.,,x
127808-111,"MAR-CO INDUSTRIES, CORP.",MAR CO INDUSTRIES CORP.,x,
469377-111,GM Security Technologies Inc.,GM SECURITY CORP.,x,
117770-111,STRATEGIC CONSULTANTS INTERNATIONAL LLC,THE STRATEGIC CONSULTING INC.,x,
75121-111,Caribbean Instruments Engineering,"INSTRUMENTATION SYSTEMS AND ENGINEERING , INC.",,x
15-113,Puma Energy Caribe LLC,PUMA ENERGY SERVICES (LATAM) S.A. INC.,x,
15-113,"PUMA ENERGY CARIBE, LLC",PUMA ENERGY SERVICES (LATAM) S.A. INC.,x,
100532-111,"Caribe Water Techonology, Inc.","CARIB WATER, INC.",x,
365785-1511,"G&J Enterprises, Inc.",GS ENTERPRISES LLC,,x
118579-111,Surgical Specialties PR Inc,"SURGICAL SPECIALTIES PUERTO RICO, INC.",x,
40954-111,"OLD HARBOR BREWERY, INC.","OLDE CHURN, INC.",,x
15486-112,TONKA FOOTWEAR CO INC,"L & M FOOTWEAR, INC.",,x
164883-1011,PR Soft Inc.,WORLD SOFT PR INC.,,x
375098-1511,BeaconMD Tehcnology LLC ,BEACONMD GROUP LLC,x,
336221-121,ENVASADURA DE AZÚCAR INC,AZUCARES BY ME INC.,,x
56582-111,SUZUKI DEL CARIBE INC,"SUZUKI DEL CENTRO, INC.",x,
56582-111,Suzuki del Caribe Inc.,"SUZUKI DEL CENTRO, INC.",x,
70990-111,"PAPELERA PUERTORIQUEÑA, INC.","PAPELERA CENTRAL, INC.",x,
115523-111,Pedro Kury Calques,"R. KURY JEWELERS, INC.",,x
16294-111,James Olsen,"OLSEN SALES, INC.",x,
73118-111,Ramón F Levy,"LEVI'S CO., INC.",,x
57008-111,PT Computer Distributors Inc.,"COMPUTER DISTRIBUTORS, INC.",x,
117441-111,SIGN ENGINEERING CORP ,"LATORRE ENGINEERING SIGNS, CORP.",,x
51933-111,ENVIROMETAL QUALITY LABORATORIES INC,"ENVIRONMENTAL QUALITY LABORATORIES, INC.",x,
116565-111,CREATIVE TACTILE SOLUTIONS,"CRERATIVE TACTILE SOLUTIONS OF PUERTO RICO, INC.",x,
97951-111,International Construction Solution,"INTERNATIONAL CONSTRUCTION SOLUTIONS, INC.",x,
524038-1511,"Seaborne Puerto Rico, LLC",SEABORNE MANUFACTURING LLC,x,
503635-1512,Bohio International Corporation,BOHIO76 L.L.C.,,x
56511-111,Widiberto Medina Carrero,"HERMANOS CARRERO CARRERO, INC.",,x
189396-1011,T&T Cargo Serv Inc.,LITTLE TS INC.,,x
205763-111,"INTERNATIONAL SURVEILLANCE SERVICES, CORP",24/7 SURVEILLANCE INC.,,x
11113-112,Seamless PR Inc.,"SEAMLESS TEXTILES, INC.",,x
162400-111,DCI Limited Partnership,"DCI MONTEFLORI, INC.",,x
35459-111,NEFTALI FELICIANO CORTES,"NEFTALI ADAMES, INC.",,x
199656-1011,El-Com Systems Corp.,"SECURE COMS CONSULTANTS, INC.",,x
154548-111,Nephesh Company,NEPHESH WOOD RECYCLING INC.,x,
59110-121,DEBORA B. FERDMAN,"PREMIO ROBERTO I. FERDMAN, INC.",,x
409320-1511,"PROJECT POUCH, INC.",VACATION POUCH LLC,,x
34176-111,Olimac Mfg Corp,OLIMAC MANUFACTURING CORPORATION,x,
6671-112,Symmetricom PR Ltd,"SYMMETRICOM PUERTO RICO, LTD",x,
2510-111,"AMBROSIANI HERMANOS, INC.",AMBROSIANI HNOS. INCORPORADO,x,
184255-111,"Fusionworks, Inc.",FUSIONWORKS INTERNATIONAL INCORPORATED,x,
303690-111,PR Merchandising Inc.,"PR SUNDANCE MERCHANDISE, INC.",,x
151101-111,H & Y 4 NETWORK LLC,"YS LATINO, INC",,x
101497-111,"CCI CARIBBEAN IMPORTERS, LLC",INTER CCI INC.,x,
182279-111,ALU WEST INDUSTRIES,"ALU-MART, INC.",,x
151101-111,Antonio Yanguas y Sonia Reyes de Yanguas,"YS LATINO, INC",,x
28519-121,Antonio Yanguas & Sonia Reyes,"FUNDACION ANTONIO REYES DELGADO, INC",,x
88578-111,"POP @ YOUR NEEDS, Corp.",POP CORP.,x,
306184-111,GT CORP,"GT3, CORP.",x,
306184-111,GT Corp.,"GT3, CORP.",x,
407634-1511,Associates International Holdings Corp,INTERNATIONAL HOLDINGS & ASSOCIATES LLC,x,
8147-111,"RELIABLE RECYCLING COMPANY, INC.",RELIABLE MERCHANDISE COMPANY INC.,,x
75394-111,"Remaches de P.R., Inc.","REMACHES DE PUERTO RICO, INC.",x,
60412-111,Francisco Cueto Bernardo,"ES-CUETO, INC.",,x
4724-711,Erving Rodríguez Feliciano,"ERV ENGINEERING, P.S.C.",,x
60699-111,TOLEDO  &  CO.,"COED INVESTMENT, INC.",,x
106550-111,P&L Corp,LS CORP.,,x
178528-111,R&D SYSTEMS GROUP INC.,DS MARKETING GROUP INC.,,x
394686-1011,EL CAMPO DEVELOPMENTCORPORATION,EL CAMPO INC.,x,
25638-111,Quality Electroplating Corp,SEPULVEDA ELECTROPLATING CORP.,,x
112773-111,Ramón Fernández  Vega,"RAMON VEGA Y FAMILIA, INCORPORADO",,x
84990-111,Monaco Biomedical & Environmental,"MO-NA-CO BIOMEDICAL & ENVIRONMENTAL, CORP.",x,
67186-111,"GAVIOTA MANUFACTURERA, INC.",MANUFACTURERA BERRIOS INC.,,x
68003-111,SMURFIT FIBRAS INTERNACIONALES,"FIBRA SONICS, INC.",,x
82405-111,AG Group Inc.,"NEW AGE GROUP, INC.",,x
82405-111,"AG Group, Inc.","NEW AGE GROUP, INC.",,x
179336-111,C3 Inc H/N/C Reaktor,"4 NS, INC.",,x
179336-111,C-3 INC H/N/C REAKTOR POST,"4 NS, INC.",,x
179336-111,"C-3, INC. H/N/C REACTOR POST","4 NS, INC.",,x
40728-111,Rico Muebles Mfg,"MUEBLES RICO, INC.",x,
135473-1011,ALPHA REALTY CORP.,"ALPHA OMEGA REALTY, CORP.",x,
389945-711,Simple Wholesales Inc.,SIMPLE.  C.S.P.,,x
305755-111,HERNAN BAEZ LUGO,"BAEZ, BAEZ, BAEZ & BAEZ, CORPORACIÓN",,x
305755-111,Hernan Baez Lugo,"BAEZ, BAEZ, BAEZ & BAEZ, CORPORACIÓN",,x
305755-111,FELIX R. BAEZ NEGRON,"BAEZ, BAEZ, BAEZ & BAEZ, CORPORACIÓN",,x
530273-1511,Rafael Padin Mimoso,RODRIGUEZ MIMOSO LLC,,x
339574-1511,Humberto Ugobono Inc.,EMPRESAS UGOBONO LLC,x,
346032-111,Jorge Estarellas,"ESTARELLAS PRODUCTS, CORP.",,x
3357-711,Jorge Estarellas,"MARLA ESTARELLAS CPA, P.S.C.",,x
391600-111,"ZENITH LABORATORIES CARIBE, INC.",CASA ZENITH INC.,,x
162995-111,Global bakery Corp,GLOBAL BAKERY CORPORATION,x,
399810-1511,"Miramar Services, LLC",MIRAMAR SERVICES  LLC,x,
394730-1011,"MM MANUFACTURING, LLC",MM & MM INC.,x,
134361-111,Abbott Biotechnology Ltd,ADVANCED BIOTECHNOLOGY INC.,,x
134361-111,"Abbott Biotechnology, Ltd.",ADVANCED BIOTECHNOLOGY INC.,,x
1922-112,ESB PR Corp,ESB PUERTO RICO CORP.,x,
126962-111,"Quality Consulting Group, Inc","QUALITY FINANCIAL CONSULTING GROUP, INC.",x,
127192-111,GFE Enterprise Group In.c,CS GROUP ONE CORP.,,x
325400-1011,Frank C Astor,"ASTOR PERFORMANCE, INC.",,x
205642-1011,M&S de PR Inc.,"DE MS, INC.",,x
90-812,BDO Puerto Rico,BDO USA CORP.,x,
113646-111,Schnitzer PR Inc.,"SCHNITZER PUERTO RICO, INC",x,
90-812,BDO PR PSC,BDO USA CORP.,,x
102343-111,Roberto Roure Sabadell,"RAFAEL GONZALEZ ROURE, INC.",,x
18359-111,Spolectron Puerto Rico Limited Inc.,"H.G.G.C.C. LIMITED OF PUERTO RICO, INC.",,x
46322-111,AUTO PACK ENGINEERING CORP,"A & M PACKING, CORP.",,x
88152-111,UNIVERSAL MANUFACTURING CORP.,UNIVERSAL MANUFACTURING LLC,x,
88152-111,UNIVERSAL MANUFACTURING CORPORATION,UNIVERSAL MANUFACTURING LLC,x,
8023-112,Sony PR Inc.,SONY TRANS COM INC.,,x
958-1531,"General Investment, SE",SE INVESTMENTS LLC,x,
22050-111,General Décor Mfg Corp,"CAMARENO GENERAL CONSTRUCTION & DECORATIONS, INC.",,x
95919-111,BEST CAR MANUFACTURING INC,"BEST CAR MATS MANUFACTURING, INC",,x
381208-1011,BCV L.L.C,"CS,  INC.",,x
9628-111,Quintana Quintana Corp.,QUINTANA QUINTANA CORPORATION,x,
794-711,Impressos Emmanuelli Inc.,"BUFETE EMMANUELLI, C.S.P.",x,
94642-111,JAVIER SERDIO GONZALEZ,JAVIER INC.,,x
68827-111,ANTONIO ARCHILLA BATISTA,"FARMACIA ARCHILLA, INC.",x,
68827-111,Antonio Archilla Batista,"FARMACIA ARCHILLA, INC.",x,
84-1531,"FLORIDA TURBINA PR, LLC","FLORIDA TURBINE PR, LLC",x,
433791-1011,B&B Manufacturing Corp,NS&BS CORP.,,x
177408-1011,Sign Source Corp,"SOURCES, CORP.",,x
177408-1011,"SIGN SOURCE, CORP.","SOURCES, CORP.",,x
30517-111,Rafael Casanova Orama,"CONSTRUCTORA ORAMA, INC.",,x
79320-111,Carlos Casellas,"CASELLAS & COMPANY, INC.",,x
146199-1011,JC Automation Corp.,"J C AUTOMATION, CORP.",x,
7321-112,"ABBOTT PHARMACEUTICALS PR, LTD","BOOTS PHARMACEUTICALS PR, INC.",,x
24260-111,IGNACIO MUNOZ GUERRA,"GUERRA & CO., INC.",,x
105773-111,Reinaldo Navarro Adorno,"NAVARRO ,INC.",,x
178910-111,"IGPR, Inc.","IGPR, INC DBA GOLDPACK CORPORATION",,x
511221-1512,Keep Dry Corp,NPPG RECORD KEEPING SOLUTIONS L.L.C.,,x
307903-1531,"J.R. MANUFACTURING, INC.","RS3D, L.L.C.",,x
307903-1531,V&R Corp,"RS3D, L.L.C.",,x
512725-112,IMCS Holding Inc.,"IMCS GROUP, INC.",,x
445352-111,ROLANDO ALVAREZ GONZALEZ,ALVAREZ & ALVAREZ  INC.,,x
79659-111,Roofing Products Corp,CHEMICAL ROOFING PRODUCT INC.,,x
3-812,Merial Barceloneta LLC,MERIAL (IA) LLP,x,
47574-121,"CIALES UNIFORMS, INC.","P.C.C. CIALES 4 X 4, INC.",,x
336744-111,Green International Corp,INTERNATIONAL GREEN RECYCLING  CORP.,x,
343387-111,ENRIQUE CORTES FLORES,FLORES & FLORES INC.,,x
343387-111,Enrique Cortés Flores,FLORES & FLORES INC.,,x
37061-111,Metal Equipment ,"METAL EQUIPMENT OF PUERTO RICO, INC.",,x
3670-111,"Distribuidora Norma, Inc.","NORMA ENTERPRISES, INC.",x,
139896-111,"B' BAKERY, INC.","BS ASSOCIATES, INC.",,x
328-112,"ALMOJA LUMBER, INC","LUMBER, INC.",,x
532068-112,Essentra Packaging,"ASSOCIATED PACKAGING, INC.",,x
101118-111,BEST PETROLEUM CORP.,J.R. PETROLEUM CORP.,,x
101118-111,Best Petroleum Corp,J.R. PETROLEUM CORP.,,x
48041-111,Qualuty Meats Corp,"ARE MEAT, INC.",,x
509325-121,Euro WindowsInc.,EURO1040 INC.,,x
506874-111,CEPN Int Corp,LAM INT'L CORP.,,x
96554-111,BBII Acquisition Corp,L.E ACQUISITION CORP.,,x
54691-121,CERVECERA INDIA INC,"INDIAS BSNP, INC.",,x
54691-121,"CERVERIA INDIA, INC.","INDIAS BSNP, INC.",,x
69942-111,Albani Manufacturing Inc.,"ALBANY MAINTENANCE OF PUERTO RICO, INC.",,x
510217-1511,Jorge Nazario,FINCA E NAZARIO L.L.C.,,x
149479-1011,Mortgae Insurance Services,"E & N INSURANCE SERVICES, INC.",,x
93082-111,Caribbean Communications,"PRIME CARIBBEAN COMMUNICATIONS, INC.",x,
77472-111,"GLASSSTRA ALUMINUM,INC.","ALUMINUM 2000, INC.",,x
115823-111,"RANIDO REALTY, INC.",INTEGRATED NETWORK COMMUNICATION SERVICES (INCS) INC.,,x
115823-111,JD Iondustries Inc.,INTEGRATED NETWORK COMMUNICATION SERVICES (INCS) INC.,,x
115823-111,"THE ATLANTIC STAR, INC.",INTEGRATED NETWORK COMMUNICATION SERVICES (INCS) INC.,,x
115823-111,"NOVACOMM, INC.",INTEGRATED NETWORK COMMUNICATION SERVICES (INCS) INC.,,x
115823-111,Lantheus MI Radiopharmaceuticals Inc.,INTEGRATED NETWORK COMMUNICATION SERVICES (INCS) INC.,,x
115823-111,"Lantheus MI Radiopharmaceuticals, Inc.",INTEGRATED NETWORK COMMUNICATION SERVICES (INCS) INC.,,x
115823-111,Technoplastics Industries INC,INTEGRATED NETWORK COMMUNICATION SERVICES (INCS) INC.,,x
115823-111,Borinqueair Inc.,INTEGRATED NETWORK COMMUNICATION SERVICES (INCS) INC.,,x
115823-111,Tyconn Poper Inc.,INTEGRATED NETWORK COMMUNICATION SERVICES (INCS) INC.,,x
115823-111,"ZINCO MANUFACTURING, INC.",INTEGRATED NETWORK COMMUNICATION SERVICES (INCS) INC.,,x
115823-111,Mastrlite Products Inc.,INTEGRATED NETWORK COMMUNICATION SERVICES (INCS) INC.,,x
115823-111,Pharmagraphics PR Inc.,INTEGRATED NETWORK COMMUNICATION SERVICES (INCS) INC.,,x
115823-111,"LOREAL CARIBE, INC.",INTEGRATED NETWORK COMMUNICATION SERVICES (INCS) INC.,,x
115823-111,"FORTIFLEX, INC.",INTEGRATED NETWORK COMMUNICATION SERVICES (INCS) INC.,,x
115823-111,"EYELOCK, INC.",INTEGRATED NETWORK COMMUNICATION SERVICES (INCS) INC.,,x
115823-111,"Hibuscus Properties, Inc",INTEGRATED NETWORK COMMUNICATION SERVICES (INCS) INC.,,x
115823-111,"Maysteel, Inc,",INTEGRATED NETWORK COMMUNICATION SERVICES (INCS) INC.,,x
115823-111,Ciras Cookies Inc ,INTEGRATED NETWORK COMMUNICATION SERVICES (INCS) INC.,,x
115823-111,"EMPRESAS BARSAM, INC.",INTEGRATED NETWORK COMMUNICATION SERVICES (INCS) INC.,,x
115823-111,Nevesem Inc.,INTEGRATED NETWORK COMMUNICATION SERVICES (INCS) INC.,,x
505796-1511,Elite BCO LLC,ELITE 8 LLC,,x
50110-111,Hamond Electronics,"D.L. T. ELECTRONICS, INC.",,x
358029-1511,"HERBA DE PUERTO RICO, LLC",4E DE PUERTO RICO LLC,,x
11639-111,National Ceramisc Corp,"NATIONAL, INC.",,x
52678-111,Antonio Yanguas,"CASA ANTONIO, INC.",,x
355234-111,Securitark Corp,"Y M C G, CORP CORP.",,x
355234-111,9-12 Corp,"Y M C G, CORP CORP.",,x
355234-111,Betterrecycling Corp,"Y M C G, CORP CORP.",,x
355234-111,Reardom Corp.,"Y M C G, CORP CORP.",,x
417566-111,"Quality Windows & Doors, Inc.",QUALITY DOORS AND WINDOWS  INC.,x,
